list-none-none,1,10,1,30, 50936, 1697
list-none-none,1,100,1,300, 75060, 250
list-none-none,1,1000,1,3000, 2553968, 851
list-none-none,1,10000,1,30000, 249839329, 8327
list-none-none,1,20000,1,60000, 9821116, 163
list-none-none,2,1,1,6, 70592, 11765
list-none-none,2,10,1,60, 110019, 1833
list-none-none,4,1,1,12, 116434, 9702
list-none-none,4,10,1,120, 139458, 1162
list-none-none,8,1,1,24, 230720, 9613
list-none-none,8,10,1,240, 277103, 1154
list-none-none,12,1,1,36, 350410, 9733
list-none-none,12,10,1,360, 377683, 1049
list-i-none,2,1,1,6, 93282, 15547
list-i-none,2,2,1,12, 79817, 6651
list-i-none,2,4,1,24, 80901, 3370
list-i-none,2,8,1,48, 109973, 2291
list-i-none,2,16,1,96, 152378, 1587
list-i-none,2,32,1,192, 422659, 2201
list-i-none,4,1,1,12, 114690, 9557
list-i-none,4,2,1,24, 102052, 4252
list-i-none,4,8,1,96, 123213, 1283
list-i-none,8,1,1,24, 240072, 10003
list-i-none,8,2,1,48, 234335, 4881
list-i-none,8,4,1,96, 254160, 2647
list-i-none,8,8,1,192, 281319, 1465
list-i-none,12,1,1,36, 339950, 9443
list-i-none,12,2,1,72, 470298, 6531
list-i-none,12,4,1,144, 374535, 2600
list-i-none,12,8,1,288, 346266, 1202
list-i-none,12,16,1,576, 856311, 1486
list-d-none,2,1,1,6, 78443, 13073
list-d-none,2,2,1,12, 68375, 5697
list-d-none,2,4,1,24, 81462, 3394
list-d-none,2,8,1,48, 79131, 1648
list-d-none,2,16,1,96, 116925, 1217
list-d-none,2,32,1,192, 91731, 477
list-d-none,4,1,1,12, 143044, 11920
list-d-none,4,2,1,24, 118498, 4937
list-d-none,4,4,1,48, 103524, 2156
list-d-none,4,8,1,96, 117621, 1225
list-d-none,4,16,1,192, 182323, 949
list-d-none,8,1,1,24, 233635, 9734
list-d-none,8,2,1,48, 229210, 4775
list-d-none,8,4,1,96, 321036, 3344
list-d-none,8,8,1,192, 288767, 1503
list-d-none,8,16,1,384, 268394, 698
list-d-none,12,1,1,36, 399745, 11104
list-d-none,12,2,1,72, 363572, 5049
list-d-none,12,4,1,144, 383805, 2665
list-d-none,12,8,1,288, 350953, 1218
list-d-none,12,16,1,576, 362285, 628
list-il-none,2,1,1,6, 67279, 11213
list-il-none,2,2,1,12, 96424, 8035
list-il-none,2,4,1,24, 74868, 3119
list-il-none,2,16,1,96, 159649, 1663
list-il-none,2,32,1,192, 398955, 2077
list-il-none,4,1,1,12, 125366, 10447
list-il-none,4,2,1,24, 107106, 4462
list-il-none,4,4,1,48, 124715, 2598
list-il-none,4,8,1,96, 115358, 1201
list-il-none,4,16,1,192, 172488, 898
list-il-none,8,1,1,24, 208390, 8682
list-il-none,8,2,1,48, 258937, 5394
list-il-none,8,4,1,96, 227133, 2365
list-il-none,8,8,1,192, 232993, 1213
list-il-none,12,1,1,36, 282254, 7840
list-il-none,12,2,1,72, 294054, 4084
list-il-none,12,4,1,144, 319078, 2215
list-il-none,12,8,1,288, 447054, 1552
list-dl-none,2,1,1,6, 73019, 12169
list-dl-none,2,2,1,12, 96455, 8037
list-dl-none,2,4,1,24, 76332, 3180
list-dl-none,2,8,1,48, 86945, 1811
list-dl-none,2,16,1,96, 93625, 975
list-dl-none,2,32,1,192, 136608, 711
list-dl-none,4,1,1,12, 166670, 13889
list-dl-none,4,2,1,24, 128161, 5340
list-dl-none,4,4,1,48, 130845, 2725
list-dl-none,4,8,1,96, 128054, 1333
list-dl-none,4,16,1,192, 149416, 778
list-dl-none,8,1,1,24, 238934, 9955
list-dl-none,8,2,1,48, 216171, 4503
list-dl-none,8,4,1,96, 208765, 2174
list-dl-none,8,8,1,192, 247352, 1288
list-dl-none,8,16,1,384, 250241, 651
list-dl-none,12,1,1,36, 366341, 10176
list-dl-none,12,2,1,72, 310686, 4315
list-dl-none,12,4,1,144, 297737, 2067
list-dl-none,12,8,1,288, 308331, 1070
list-i-m,12,32,1,1152, 8625646, 7487
list-d-m,12,32,1,1152, 1578643, 1370
list-il-m,12,32,1,1152, 29090982, 25252
list-dl-m,12,32,1,1152, 2015279, 1749
list-i-s,12,32,1,1152, 24177237, 20987
list-d-s,12,32,1,1152, 1529734, 1327
list-il-s,12,32,1,1152, 25094906, 21783
list-dl-s,12,32,1,1152, 1534651, 1332
list-none-none,1,1000,1,3000, 2527699, 842
list-none-m,1,1000,1,3000, 2583134, 861
list-none-m,2,1000,1,6000, 13011972, 2168
list-none-m,4,1000,1,12000, 46970213, 3914
list-none-m,8,1000,1,24000, 179291323, 7470
list-none-m,12,1000,1,36000, 353546904, 9820
list-none-m,16,1000,1,48000, -337654177, -7034
list-none-m,24,1000,1,72000, 148772099, 2066
list-none-s,1,1000,1,3000, 2583883, 861
list-none-s,2,1000,1,6000, 10821983, 1803
list-none-s,4,1000,1,12000, 35265678, 2938
list-none-s,8,1000,1,24000, 149453087, 6227
list-none-s,12,1000,1,36000, -666698484, -18519
list-none-s,16,1000,1,48000, 622232084, 12963
list-none-s,24,1000,1,72000, -275695629, -3829
list-none-none,1,10,1,30, 12584090, 419469
list-none-none,1,100,1,300, 11146724, 37155
list-none-none,1,1000,1,3000, 12967194, 4322
list-none-none,1,10000,1,30000, 453230280, 15107
list-none-none,1,20000,1,60000, 44419541, 740
list-none-none,2,1,1,6, 23443696, 3907282
list-none-none,2,10,1,60, 19494356, 324905
list-none-none,2,100,1,600, 22468529, 37447
list-none-none,4,1,1,12, 23750489, 1979207
list-none-none,4,100,1,1200, 35715507, 29762
list-none-none,8,1,1,24, 34727885, 1446995
list-none-none,12,1,1,36, 43512850, 1208690
list-none-none,12,10,1,360, 54384009, 151066
list-i-none,2,1,1,6, 18371701, 3061950
list-i-none,2,2,1,12, 46113037, 3842753
list-i-none,2,4,1,24, 44060305, 1835846
list-i-none,2,8,1,48, 31352651, 653180
list-i-none,2,32,1,192, 40469860, 210780
list-i-none,4,1,1,12, 17361955, 1446829
list-i-none,4,2,1,24, 34473899, 1436412
list-i-none,4,16,1,192, 35089783, 182759
list-i-none,8,1,1,24, 31452621, 1310525
list-i-none,8,16,1,384, 30947439, 80592
list-d-none,2,1,1,6, 31549861, 5258310
list-d-none,2,2,1,12, 33568601, 2797383
list-d-none,2,4,1,24, 31927879, 1330328
list-d-none,2,8,1,48, 41654332, 867798
list-d-none,2,16,1,96, 32559415, 339160
list-d-none,2,32,1,192, 32627466, 169934
list-d-none,4,1,1,12, 32860771, 2738397
list-d-none,4,2,1,24, 45487469, 1895311
list-d-none,4,4,1,48, 34444200, 717587
list-d-none,4,8,1,96, 34335765, 357664
list-d-none,4,16,1,192, 35264919, 183671
list-d-none,8,1,1,24, 61079555, 2544981
list-d-none,8,2,1,48, 54430739, 1133973
list-d-none,8,8,1,192, 56024726, 291795
list-d-none,8,16,1,384, 87479800, 227811
list-d-none,12,1,1,36, 60466835, 1679634
list-d-none,12,2,1,72, 58713173, 815460
list-il-none,2,4,1,24, 32716219, 1363175
list-il-none,2,8,1,48, 10785784, 224703
list-il-none,2,32,1,192, 21723596, 113143
list-il-none,4,2,1,24, -948040227, -39501676
list-il-none,4,4,1,48, 58389056, 1216438
list-il-none,12,1,1,36, 68046645, 1890184
list-dl-none,2,1,1,6, 17543513, 2923918
list-dl-none,2,2,1,12, 60472238, 5039353
list-dl-none,2,4,1,24, 21430740, 892947
list-dl-none,2,8,1,48, 32408743, 675182
list-dl-none,2,16,1,96, 25552492, 266171
list-dl-none,4,1,1,12, 32776168, 2731347
list-dl-none,4,2,1,24, 47446550, 1976939
list-dl-none,4,4,1,48, 30145460, 628030
list-dl-none,4,8,1,96, -964010332, -10041774
list-dl-none,8,1,1,24, 51670593, 2152941
list-dl-none,8,2,1,48, 56968640, 1186846
list-dl-none,8,4,1,96, 63462980, 661072
list-dl-none,8,8,1,192, 37129573, 193383
list-dl-none,12,1,1,36, 52261765, 1451715
list-dl-none,12,2,1,72, 43014561, 597424
list-i-m,12,32,1,1152, 143468506, 124538
list-d-m,12,32,1,1152, 155481323, 134966
list-il-m,12,32,1,1152, 205439721, 178333
list-dl-m,12,32,1,1152, 135681487, 117779
list-i-s,12,32,1,1152, -302113835, -262251
list-d-s,12,32,1,1152, -550402647, -477780
list-il-s,12,32,1,1152, 751498026, 652342
list-dl-s,12,32,1,1152, -791574462, -687130
list-none-none,1,1000,1,3000, 16376231, 5458
list-none-m,1,1000,1,3000, 13389271, 4463
list-none-m,2,1000,1,6000, 30264667, 5044
list-none-m,4,1000,1,12000, 52194591, 4349
list-none-m,8,1000,1,24000, 89608742, 3733
list-none-m,12,1000,1,36000, 182194450, 5060
list-none-m,16,1000,1,48000, -691039610, -14396
list-none-m,24,1000,1,72000, 495298358, 6879
list-none-s,1,1000,1,3000, 19357117, 6452
list-none-s,2,1000,1,6000, 21944374, 3657
list-none-s,4,1000,1,12000, 51107114, 4258
list-none-s,8,1000,1,24000, 145076388, 6044
list-none-s,12,1000,1,36000, 471038955, 13084
list-none-s,16,1000,1,48000, -284503953, -5927
list-none-s,24,1000,1,72000, -196805746, -2733
list-none-none,1,10,1,30, 57472, 1915
list-none-none,1,100,1,300, 82683, 275
list-none-none,1,1000,1,3000, 2556978, 852
list-none-none,1,10000,1,30000, -750415920, -25013
list-none-none,1,20000,1,60000, 1262454, 21
list-none-none,2,1,1,6, 68517, 11419
list-none-none,2,10,1,60, 66375, 1106
list-none-none,2,100,1,600, 108444, 180
list-none-none,4,1,1,12, 101439, 8453
list-none-none,4,10,1,120, 118513, 987
list-none-none,8,10,1,240, 238342, 993
list-none-none,12,1,1,36, 318473, 8846
list-none-none,12,10,1,360, 335173, 931
list-i-none,2,1,1,6, 64038, 10673
list-i-none,2,2,1,12, 62426, 5202
list-i-none,2,4,1,24, 62924, 2621
list-i-none,2,8,1,48, 75434, 1571
list-i-none,2,32,1,192, 380941, 1984
list-i-none,4,1,1,12, 115397, 9616
list-i-none,4,2,1,24, 109873, 4578
list-i-none,4,4,1,48, 106733, 2223
list-i-none,4,8,1,96, 117239, 1221
list-i-none,4,16,1,192, 281808, 1467
list-i-none,8,1,1,24, 224807, 9366
list-i-none,8,2,1,48, 220206, 4587
list-i-none,8,4,1,96, 230237, 2398
list-i-none,8,8,1,192, 244332, 1272
list-i-none,8,16,1,384, 516378, 1344
list-i-none,12,1,1,36, 346528, 9625
list-i-none,12,2,1,72, 312118, 4334
list-i-none,12,4,1,144, 359869, 2499
list-i-none,12,8,1,288, 338049, 1173
list-d-none,2,1,1,6, 59238, 9873
list-d-none,2,2,1,12, 67784, 5648
list-d-none,2,4,1,24, 64635, 2693
list-d-none,2,8,1,48, 64265, 1338
list-d-none,2,16,1,96, 68517, 713
list-d-none,2,32,1,192, 88563, 461
list-d-none,4,1,1,12, 108261, 9021
list-d-none,4,2,1,24, 107824, 4492
list-d-none,4,4,1,48, 112002, 2333
list-d-none,4,8,1,96, 114715, 1194
list-d-none,4,16,1,192, 124603, 648
list-d-none,8,1,1,24, 226869, 9452
list-d-none,8,2,1,48, 226651, 4721
list-d-none,8,4,1,96, 225426, 2348
list-d-none,8,8,1,192, 210699, 1097
list-d-none,8,16,1,384, 229285, 597
list-d-none,12,1,1,36, 333523, 9264
list-d-none,12,2,1,72, 323941, 4499
list-d-none,12,4,1,144, 343387, 2384
list-d-none,12,8,1,288, 318026, 1104
list-d-none,12,16,1,576, 337605, 586
list-il-none,2,1,1,6, 64021, 10670
list-il-none,2,2,1,12, 64757, 5396
list-il-none,2,8,1,48, 71283, 1485
list-il-none,2,16,1,96, 129292, 1346
list-il-none,2,32,1,192, 414192, 2157
list-il-none,4,1,1,12, 97050, 8087
list-il-none,4,2,1,24, 104480, 4353
list-il-none,4,4,1,48, 108165, 2253
list-il-none,4,8,1,96, 124632, 1298
list-il-none,8,1,1,24, 239487, 9978
list-il-none,8,2,1,48, 239237, 4984
list-il-none,8,4,1,96, 232411, 2420
list-il-none,8,8,1,192, 250750, 1305
list-il-none,12,1,1,36, 338039, 9389
list-il-none,12,2,1,72, 313411, 4352
list-il-none,12,4,1,144, 305598, 2122
list-dl-none,2,1,1,6, 59335, 9889
list-dl-none,2,2,1,12, 70467, 5872
list-dl-none,2,4,1,24, 95483, 3978
list-dl-none,2,8,1,48, 78268, 1630
list-dl-none,2,16,1,96, 92369, 962
list-dl-none,2,32,1,192, 137071, 713
list-dl-none,4,1,1,12, 125873, 10489
list-dl-none,4,2,1,24, 119421, 4975
list-dl-none,4,4,1,48, 123183, 2566
list-dl-none,4,8,1,96, 133556, 1391
list-dl-none,4,16,1,192, 154601, 805
list-dl-none,8,1,1,24, 250915, 10454
list-dl-none,8,2,1,48, 234642, 4888
list-dl-none,8,4,1,96, 240177, 2501
list-dl-none,8,8,1,192, 244017, 1270
list-dl-none,8,16,1,384, 253269, 659
list-dl-none,12,1,1,36, 375061, 10418
list-dl-none,12,2,1,72, 382283, 5309
list-dl-none,12,4,1,144, 360007, 2500
list-dl-none,12,8,1,288, 342809, 1190
list-dl-none,12,16,1,576, 436637, 758
list-i-m,12,32,1,1152, 10822737, 9394
list-d-m,12,32,1,1152, 1434048, 1244
list-il-m,12,32,1,1152, 20853317, 18101
list-dl-m,12,32,1,1152, 2173695, 1886
list-i-s,12,32,1,1152, 23726541, 20595
list-d-s,12,32,1,1152, 1839494, 1596
list-il-s,12,32,1,1152, 24093845, 20914
list-dl-s,12,32,1,1152, 1954667, 1696
list-none-none,1,1000,1,3000, 2791951, 930
list-none-m,1,1000,1,3000, 2872830, 957
list-none-m,2,1000,1,6000, 7160230, 1193
list-none-m,4,1000,1,12000, 49079124, 4089
list-none-m,8,1000,1,24000, 179081624, 7461
list-none-m,12,1000,1,36000, 373793876, 10383
list-none-m,16,1000,1,48000, -348068165, -7251
list-none-m,24,1000,1,72000, 104029246, 1444
list-none-s,1,1000,1,3000, 2573157, 857
list-none-s,2,1000,1,6000, 10496398, 1749
list-none-s,4,1000,1,12000, 37784911, 3148
list-none-s,8,1000,1,24000, 156981827, 6540
list-none-s,12,1000,1,36000, -738690498, -20519
list-none-s,16,1000,1,48000, 452220995, 9421
list-none-s,24,1000,1,72000, 165097107, 2293
list-none-none,1,10,1,30, 51624, 1720
list-none-none,1,100,1,300, 76630, 255
list-none-none,1,1000,1,3000, 2509609, 836
list-none-none,1,10000,1,30000, 254665532, 8488
list-none-none,1,20000,1,60000, 5426925, 90
list-none-none,2,1,1,6, 81685, 13614
list-none-none,2,10,1,60, 66275, 1104
list-none-none,4,1,1,12, 110688, 9224
list-none-none,4,10,1,120, 113384, 944
list-none-none,8,1,1,24, 231308, 9637
list-none-none,8,10,1,240, 279566, 1164
list-none-none,12,1,1,36, 328321, 9120
list-none-none,12,10,1,360, 324832, 902
list-i-none,2,1,1,6, 63477, 10579
list-i-none,2,2,1,12, 64595, 5382
list-i-none,2,4,1,24, 65768, 2740
list-i-none,2,8,1,48, 73545, 1532
list-i-none,2,32,1,192, 383081, 1995
list-i-none,4,1,1,12, 99704, 8308
list-i-none,4,2,1,24, 107688, 4487
list-i-none,4,4,1,48, 107310, 2235
list-i-none,4,8,1,96, 114210, 1189
list-i-none,4,16,1,192, 269556, 1403
list-i-none,8,1,1,24, 214396, 8933
list-i-none,8,2,1,48, 241856, 5038
list-i-none,8,4,1,96, 231782, 2414
list-i-none,8,8,1,192, 265102, 1380
list-i-none,12,1,1,36, 329653, 9157
list-i-none,12,2,1,72, 328733, 4565
list-i-none,12,4,1,144, 342653, 2379
list-i-none,12,8,1,288, 414386, 1438
list-d-none,2,1,1,6, 60284, 10047
list-d-none,2,2,1,12, 65884, 5490
list-d-none,2,4,1,24, 66699, 2779
list-d-none,2,8,1,48, 69550, 1448
list-d-none,2,16,1,96, 65517, 682
list-d-none,2,32,1,192, 77410, 403
list-d-none,4,1,1,12, 113885, 9490
list-d-none,4,2,1,24, 116983, 4874
list-d-none,4,4,1,48, 107849, 2246
list-d-none,4,8,1,96, 120275, 1252
list-d-none,4,16,1,192, 130810, 681
list-d-none,8,1,1,24, 221972, 9248
list-d-none,8,2,1,48, 221095, 4606
list-d-none,8,4,1,96, 238823, 2487
list-d-none,8,8,1,192, 219147, 1141
list-d-none,8,16,1,384, 217829, 567
list-d-none,12,1,1,36, 332781, 9243
list-d-none,12,2,1,72, 344298, 4781
list-d-none,12,4,1,144, 344308, 2391
list-d-none,12,8,1,288, 310241, 1077
list-d-none,12,16,1,576, 343164, 595
list-il-none,2,1,1,6, 60390, 10065
list-il-none,2,2,1,12, 65951, 5495
list-il-none,2,4,1,24, 61422, 2559
list-il-none,2,16,1,96, 109568, 1141
list-il-none,2,32,1,192, 239276, 1246
list-il-none,4,1,1,12, 127538, 10628
list-il-none,4,2,1,24, 104253, 4343
list-il-none,4,4,1,48, 1383200, 28816
list-il-none,4,8,1,96, 123892, 1290
list-il-none,4,16,1,192, 214328, 1116
list-il-none,8,1,1,24, 205344, 8556
list-il-none,8,2,1,48, 229446, 4780
list-il-none,8,4,1,96, 226014, 2354
list-il-none,8,8,1,192, 260994, 1359
list-il-none,12,1,1,36, 309294, 8591
list-il-none,12,2,1,72, 340765, 4732
list-il-none,12,4,1,144, 338035, 2347
list-il-none,12,8,1,288, 337773, 1172
list-dl-none,2,1,1,6, 58441, 9740
list-dl-none,2,2,1,12, 53466, 4455
list-dl-none,2,4,1,24, 69508, 2896
list-dl-none,2,8,1,48, 71591, 1491
list-dl-none,2,16,1,96, 88801, 925
list-dl-none,2,32,1,192, 120662, 628
list-dl-none,4,1,1,12, 127580, 10631
list-dl-none,4,2,1,24, 128752, 5364
list-dl-none,4,4,1,48, 122705, 2556
list-dl-none,4,8,1,96, 130011, 1354
list-dl-none,4,16,1,192, 126432, 658
list-dl-none,8,1,1,24, 225778, 9407
list-dl-none,8,2,1,48, 243530, 5073
list-dl-none,8,4,1,96, 224875, 2342
list-dl-none,8,8,1,192, 246147, 1282
list-dl-none,8,16,1,384, 254579, 662
list-dl-none,12,1,1,36, 325666, 9046
list-dl-none,12,2,1,72, 378803, 5261
list-dl-none,12,4,1,144, 311153, 2160
list-dl-none,12,8,1,288, 321700, 1117
list-dl-none,12,16,1,576, 358662, 622
list-i-m,12,32,1,1152, 7878412, 6838
list-d-m,12,32,1,1152, 1463903, 1270
list-il-m,12,32,1,1152, 19132329, 16607
list-dl-m,12,32,1,1152, 2049604, 1779
list-i-s,12,32,1,1152, 31629798, 27456
list-d-s,12,32,1,1152, 373892, 324
list-il-s,12,32,1,1152, 30000563, 26042
list-dl-s,12,32,1,1152, 1281130, 1112
list-none-none,1,1000,1,3000, 2531219, 843
list-none-m,1,1000,1,3000, 2602129, 867
list-none-m,2,1000,1,6000, 12661981, 2110
list-none-m,4,1000,1,12000, 46470008, 3872
list-none-m,8,1000,1,24000, -821438789, -34226
list-none-m,12,1000,1,36000, 383875044, 10663
list-none-m,16,1000,1,48000, -327725923, -6827
list-none-m,24,1000,1,72000, 377739060, 5246
list-none-s,1,1000,1,3000, 2571072, 857
list-none-s,2,1000,1,6000, 11090536, 1848
list-none-s,4,1000,1,12000, 35897056, 2991
list-none-s,8,1000,1,24000, 160877331, 6703
list-none-s,12,1000,1,36000, -718530286, -19959
list-none-s,16,1000,1,48000, 561677646, 11701
list-none-s,24,1000,1,72000, 271617061, 3772
list-none-none,1,10,1,30, 53113, 1770
list-none-none,1,100,1,300, 76170, 253
list-none-none,1,1000,1,3000, 2506919, 835
list-none-none,1,10000,1,30000, 249492833, 8316
list-none-none,1,20000,1,60000, 1184202, 19
list-none-none,2,1,1,6, 72348, 12058
list-none-none,2,10,1,60, 89158, 1485
list-none-none,4,1,1,12, 102052, 8504
list-none-none,4,10,1,120, 102880, 857
list-none-none,8,1,1,24, 235579, 9815
list-none-none,8,10,1,240, 238640, 994
list-none-none,12,1,1,36, 337203, 9366
list-none-none,12,10,1,360, 370489, 1029
list-i-none,2,1,1,6, 75092, 12515
list-i-none,2,2,1,12, 60158, 5013
list-i-none,2,4,1,24, 60990, 2541
list-i-none,2,8,1,48, 72148, 1503
list-i-none,2,16,1,96, 160867, 1675
list-i-none,2,32,1,192, 509382, 2653
list-i-none,4,1,1,12, 98928, 8244
list-i-none,4,2,1,24, 125011, 5208
list-i-none,4,4,1,48, 110824, 2308
list-i-none,4,8,1,96, 122324, 1274
list-i-none,4,16,1,192, 275220, 1433
list-i-none,8,1,1,24, 239136, 9964
list-i-none,8,2,1,48, 271594, 5658
list-i-none,8,4,1,96, 295723, 3080
list-i-none,8,8,1,192, 298153, 1552
list-i-none,8,16,1,384, 549403, 1430
list-i-none,12,1,1,36, 368153, 10226
list-i-none,12,2,1,72, 419394, 5824
list-i-none,12,4,1,144, 398343, 2766
list-i-none,12,8,1,288, 372927, 1294
list-d-none,2,1,1,6, 73342, 12223
list-d-none,2,2,1,12, 73101, 6091
list-d-none,2,4,1,24, 74858, 3119
list-d-none,2,8,1,48, 77166, 1607
list-d-none,2,16,1,96, 79364, 826
list-d-none,2,32,1,192, 88062, 458
list-d-none,4,1,1,12, 113621, 9468
list-d-none,4,2,1,24, 119454, 4977
list-d-none,4,4,1,48, 104216, 2171
list-d-none,4,8,1,96, 121055, 1260
list-d-none,4,16,1,192, 118251, 615
list-d-none,8,1,1,24, 249137, 10380
list-d-none,8,2,1,48, 248502, 5177
list-d-none,8,4,1,96, 231313, 2409
list-d-none,8,8,1,192, 233331, 1215
list-d-none,8,16,1,384, 236182, 615
list-d-none,12,1,1,36, 326278, 9063
list-d-none,12,2,1,72, 322062, 4473
list-d-none,12,4,1,144, 352485, 2447
list-d-none,12,8,1,288, 295330, 1025
list-d-none,12,16,1,576, 332874, 577
list-il-none,2,1,1,6, 59290, 9881
list-il-none,2,2,1,12, 61155, 5096
list-il-none,2,4,1,24, 62691, 2612
list-il-none,2,8,1,48, 70407, 1466
list-il-none,2,16,1,96, 105797, 1102
list-il-none,2,32,1,192, 250417, 1304
list-il-none,4,1,1,12, 113651, 9470
list-il-none,4,2,1,24, 116365, 4848
list-il-none,4,4,1,48, 110946, 2311
list-il-none,8,1,1,24, 232468, 9686
list-il-none,8,2,1,48, 219179, 4566
list-il-none,8,4,1,96, 221345, 2305
list-il-none,8,8,1,192, 261600, 1362
list-il-none,12,1,1,36, 316389, 8788
list-il-none,12,2,1,72, 1554290, 21587
list-il-none,12,8,1,288, 391778, 1360
list-dl-none,2,1,1,6, 63619, 10603
list-dl-none,2,2,1,12, 62418, 5201
list-dl-none,2,4,1,24, 70187, 2924
list-dl-none,2,8,1,48, 74044, 1542
list-dl-none,2,16,1,96, 81774, 851
list-dl-none,2,32,1,192, 105751, 550
list-dl-none,4,1,1,12, 102584, 8548
list-dl-none,4,2,1,24, 129801, 5408
list-dl-none,4,4,1,48, 118713, 2473
list-dl-none,4,8,1,96, 111012, 1156
list-dl-none,4,16,1,192, 130427, 679
list-dl-none,8,1,1,24, 230761, 9615
list-dl-none,8,2,1,48, 238953, 4978
list-dl-none,8,4,1,96, 254224, 2648
list-dl-none,8,8,1,192, 238778, 1243
list-dl-none,8,16,1,384, 274802, 715
list-dl-none,12,1,1,36, 330007, 9166
list-dl-none,12,2,1,72, 360849, 5011
list-dl-none,12,4,1,144, 341932, 2374
list-dl-none,12,8,1,288, 339354, 1178
list-dl-none,12,16,1,576, 375053, 651
list-i-m,12,32,1,1152, 6670354, 5790
list-d-m,12,32,1,1152, 1316491, 1142
list-il-m,12,32,1,1152, 15969225, 13862
list-dl-m,12,32,1,1152, 2484644, 2156
list-i-s,12,32,1,1152, 29791707, 25860
list-d-s,12,32,1,1152, 1352283, 1173
list-il-s,12,32,1,1152, 21932488, 19038
list-dl-s,12,32,1,1152, 1650870, 1433
list-none-none,1,1000,1,3000, 2519645, 839
list-none-m,1,1000,1,3000, 2630773, 876
list-none-m,2,1000,1,6000, 12839769, 2139
list-none-m,4,1000,1,12000, 46825367, 3902
list-none-m,8,1000,1,24000, 175547818, 7314
list-none-m,12,1000,1,36000, 312630215, 8684
list-none-m,16,1000,1,48000, -425624571, -8867
list-none-m,24,1000,1,72000, 203809699, 2830
list-none-s,1,1000,1,3000, 2537131, 845
list-none-s,2,1000,1,6000, 11052766, 1842
list-none-s,4,1000,1,12000, 38205509, 3183
list-none-s,8,1000,1,24000, 120494106, 5020
list-none-s,12,1000,1,36000, 315176957, 8754
list-none-s,16,1000,1,48000, -542897289, -11310
list-none-s,24,1000,1,72000, 384697834, 5343
list-none-none,1,10,1,30, 47132, 1571
list-none-none,1,100,1,300, 76708, 255
list-none-none,1,1000,1,3000, 2532603, 844
list-none-none,1,10000,1,30000, 255288187, 8509
list-none-none,1,20000,1,60000, 2891575, 48
list-none-none,2,1,1,6, 76563, 12760
list-none-none,2,10,1,60, 66389, 1106
list-none-none,4,1,1,12, 115768, 9647
list-none-none,4,10,1,120, 126053, 1050
list-none-none,8,1,1,24, 210965, 8790
list-none-none,8,10,1,240, 229066, 954
list-none-none,12,1,1,36, 310852, 8634
list-none-none,12,10,1,360, 339300, 942
list-i-none,2,1,1,6, 62069, 10344
list-i-none,2,2,1,12, 68767, 5730
list-i-none,2,4,1,24, 77640, 3235
list-i-none,2,8,1,48, 111643, 2325
list-i-none,2,16,1,96, 141432, 1473
list-i-none,2,32,1,192, 377827, 1967
list-i-none,4,1,1,12, 107800, 8983
list-i-none,4,2,1,24, 111515, 4646
list-i-none,4,4,1,48, 106615, 2221
list-i-none,4,8,1,96, 118162, 1230
list-i-none,8,1,1,24, 218744, 9114
list-i-none,8,2,1,48, 223483, 4655
list-i-none,8,4,1,96, 261328, 2722
list-i-none,8,8,1,192, 293323, 1527
list-i-none,12,1,1,36, 320615, 8905
list-i-none,12,2,1,72, 311975, 4332
list-i-none,12,8,1,288, 346464, 1203
list-d-none,2,1,1,6, 64018, 10669
list-d-none,2,2,1,12, 69902, 5825
list-d-none,2,4,1,24, 70075, 2919
list-d-none,2,8,1,48, 84962, 1770
list-d-none,2,16,1,96, 114816, 1196
list-d-none,2,32,1,192, 118245, 615
list-d-none,4,1,1,12, 124657, 10388
list-d-none,4,2,1,24, 115726, 4821
list-d-none,4,4,1,48, 130649, 2721
list-d-none,4,8,1,96, 138997, 1447
list-d-none,4,16,1,192, 137130, 714
list-d-none,8,1,1,24, 232053, 9668
list-d-none,8,2,1,48, 252007, 5250
list-d-none,8,4,1,96, 258098, 2688
list-d-none,8,8,1,192, 452793, 2358
list-d-none,8,16,1,384, 284696, 741
list-d-none,12,1,1,36, 1683154, 46754
list-d-none,12,2,1,72, 365951, 5082
list-d-none,12,4,1,144, 432041, 3000
list-d-none,12,8,1,288, 316614, 1099
list-d-none,12,16,1,576, 339346, 589
list-il-none,2,1,1,6, 67220, 11203
list-il-none,2,2,1,12, 71767, 5980
list-il-none,2,4,1,24, 66764, 2781
list-il-none,2,8,1,48, 282723, 5890
list-il-none,2,16,1,96, 139965, 1457
list-il-none,2,32,1,192, 417506, 2174
list-il-none,4,1,1,12, 113080, 9423
list-il-none,4,2,1,24, 126243, 5260
list-il-none,4,4,1,48, 330572, 6886
list-il-none,4,8,1,96, 141799, 1477
list-il-none,4,16,1,192, 191782, 998
list-il-none,8,1,1,24, 231706, 9654
list-il-none,8,2,1,48, 245171, 5107
list-il-none,8,4,1,96, 246129, 2563
list-il-none,8,8,1,192, 257241, 1339
list-il-none,12,1,1,36, 359372, 9982
list-il-none,12,2,1,72, 339640, 4717
list-il-none,12,4,1,144, 337597, 2344
list-dl-none,2,1,1,6, 68737, 11456
list-dl-none,2,2,1,12, 62370, 5197
list-dl-none,2,4,1,24, 65904, 2746
list-dl-none,2,8,1,48, 76680, 1597
list-dl-none,2,16,1,96, 89423, 931
list-dl-none,2,32,1,192, 111101, 578
list-dl-none,4,1,1,12, 130645, 10887
list-dl-none,4,2,1,24, 128272, 5344
list-dl-none,4,4,1,48, 148191, 3087
list-dl-none,4,8,1,96, 136966, 1426
list-dl-none,4,16,1,192, 289902, 1509
list-dl-none,8,1,1,24, 220217, 9175
list-dl-none,8,2,1,48, 212565, 4428
list-dl-none,8,4,1,96, 249831, 2602
list-dl-none,8,8,1,192, 247908, 1291
list-dl-none,8,16,1,384, 284624, 741
list-dl-none,12,1,1,36, 356661, 9907
list-dl-none,12,2,1,72, 309762, 4302
list-dl-none,12,4,1,144, 378188, 2626
list-dl-none,12,8,1,288, 364466, 1265
list-i-m,12,32,1,1152, 9104303, 7903
list-d-m,12,32,1,1152, 1441174, 1251
list-il-m,12,32,1,1152, 19258993, 16717
list-dl-m,12,32,1,1152, 2018765, 1752
list-i-s,12,32,1,1152, 19282826, 16738
list-d-s,12,32,1,1152, 1171408, 1016
list-il-s,12,32,1,1152, 37092200, 32198
list-dl-s,12,32,1,1152, 1488822, 1292
list-none-none,1,1000,1,3000, 2533171, 844
list-none-m,1,1000,1,3000, 2633322, 877
list-none-m,2,1000,1,6000, 13049636, 2174
list-none-m,4,1000,1,12000, -952450769, -79370
list-none-m,8,1000,1,24000, 145880359, 6078
list-none-m,12,1000,1,36000, 264762180, 7354
list-none-m,16,1000,1,48000, -346369861, -7216
list-none-m,24,1000,1,72000, 325831679, 4525
list-none-s,1,1000,1,3000, 2530166, 843
list-none-s,2,1000,1,6000, 11065154, 1844
list-none-s,4,1000,1,12000, 41478868, 3456
list-none-s,8,1000,1,24000, 148038136, 6168
list-none-s,12,1000,1,36000, 286300736, 7952
list-none-s,16,1000,1,48000, -529573863, -11032
list-none-s,24,1000,1,72000, 144518738, 2007
list-none-none,1,10,1,30, 58426, 1947
list-none-none,1,100,1,300, 85962, 286
list-none-none,1,1000,1,3000, 2559895, 853
list-none-none,1,10000,1,30000, 249531012, 8317
list-none-none,1,20000,1,60000, 2559031, 42
list-none-none,2,1,1,6, 67102, 11183
list-none-none,2,10,1,60, 65989, 1099
list-none-none,2,100,1,600, 113294, 188
list-none-none,4,1,1,12, 119914, 9992
list-none-none,4,10,1,120, 127301, 1060
list-none-none,8,1,1,24, 240294, 10012
list-none-none,8,10,1,240, 239846, 999
list-none-none,12,1,1,36, 341932, 9498
list-none-none,12,10,1,360, 348594, 968
list-i-none,2,1,1,6, 79515, 13252
list-i-none,2,2,1,12, 69093, 5757
list-i-none,2,4,1,24, 84286, 3511
list-i-none,2,16,1,96, 165250, 1721
list-i-none,2,32,1,192, 473162, 2464
list-i-none,4,1,1,12, 111919, 9326
list-i-none,4,2,1,24, 109742, 4572
list-i-none,4,4,1,48, 104624, 2179
list-i-none,4,8,1,96, 115405, 1202
list-i-none,8,1,1,24, 211438, 8809
list-i-none,8,2,1,48, 209870, 4372
list-i-none,8,4,1,96, 200247, 2085
list-i-none,12,1,1,36, 325957, 9054
list-i-none,12,2,1,72, 354678, 4926
list-i-none,12,4,1,144, 360730, 2505
list-i-none,12,8,1,288, 336058, 1166
list-i-none,12,16,1,576, 840746, 1459
list-d-none,2,1,1,6, 62167, 10361
list-d-none,2,2,1,12, 64463, 5371
list-d-none,2,4,1,24, 63004, 2625
list-d-none,2,8,1,48, 78653, 1638
list-d-none,2,16,1,96, 73930, 770
list-d-none,2,32,1,192, 85642, 446
list-d-none,4,1,1,12, 124411, 10367
list-d-none,4,2,1,24, 108367, 4515
list-d-none,4,4,1,48, 98388, 2049
list-d-none,4,8,1,96, 118499, 1234
list-d-none,4,16,1,192, 124920, 650
list-d-none,8,1,1,24, 242672, 10111
list-d-none,8,2,1,48, 230347, 4798
list-d-none,8,4,1,96, 235561, 2453
list-d-none,8,8,1,192, 234311, 1220
list-d-none,8,16,1,384, 226571, 590
list-d-none,12,1,1,36, 351293, 9758
list-d-none,12,2,1,72, 342689, 4759
list-d-none,12,4,1,144, 310577, 2156
list-d-none,12,8,1,288, 297578, 1033
list-d-none,12,16,1,576, 318299, 552
list-il-none,2,1,1,6, 62001, 10333
list-il-none,2,2,1,12, 65016, 5418
list-il-none,2,4,1,24, 66598, 2774
list-il-none,2,8,1,48, 73737, 1536
list-il-none,2,16,1,96, 117003, 1218
list-il-none,2,32,1,192, 239858, 1249
list-il-none,4,1,1,12, 114594, 9549
list-il-none,4,2,1,24, 112877, 4703
list-il-none,4,4,1,48, 124545, 2594
list-il-none,8,1,1,24, 218790, 9116
list-il-none,8,2,1,48, 218331, 4548
list-il-none,8,4,1,96, 240989, 2510
list-il-none,8,8,1,192, 254986, 1328
list-il-none,12,1,1,36, 467762, 12993
list-il-none,12,2,1,72, 460646, 6397
list-il-none,12,4,1,144, 352322, 2446
list-il-none,12,8,1,288, 436575, 1515
list-dl-none,2,1,1,6, 62823, 10470
list-dl-none,2,2,1,12, 62098, 5174
list-dl-none,2,4,1,24, 66318, 2763
list-dl-none,2,8,1,48, 72622, 1512
list-dl-none,2,16,1,96, 85566, 891
list-dl-none,2,32,1,192, 113368, 590
list-dl-none,4,1,1,12, 101324, 8443
list-dl-none,4,2,1,24, 97198, 4049
list-dl-none,4,4,1,48, 103916, 2164
list-dl-none,4,8,1,96, 125554, 1307
list-dl-none,4,16,1,192, 150103, 781
list-dl-none,8,1,1,24, 264597, 11024
list-dl-none,8,2,1,48, 265763, 5536
list-dl-none,8,4,1,96, 243263, 2533
list-dl-none,8,8,1,192, 240653, 1253
list-dl-none,8,16,1,384, 277618, 722
list-dl-none,12,1,1,36, 342529, 9514
list-dl-none,12,2,1,72, 317028, 4403
list-dl-none,12,4,1,144, 298631, 2073
list-dl-none,12,8,1,288, 343678, 1193
list-dl-none,12,16,1,576, 326608, 567
list-i-m,12,32,1,1152, 12665087, 10993
list-d-m,12,32,1,1152, 1545651, 1341
list-il-m,12,32,1,1152, 26244043, 22781
list-dl-m,12,32,1,1152, 2108720, 1830
list-i-s,12,32,1,1152, 17317304, 15032
list-d-s,12,32,1,1152, 1382532, 1200
list-il-s,12,32,1,1152, 28043073, 24342
list-dl-s,12,32,1,1152, 2101385, 1824
list-none-none,1,1000,1,3000, 2555564, 851
list-none-m,1,1000,1,3000, 2615967, 871
list-none-m,2,1000,1,6000, 14983606, 2497
list-none-m,4,1000,1,12000, 48867405, 4072
list-none-m,8,1000,1,24000, 117231219, 4884
list-none-m,12,1000,1,36000, 327962153, 9110
list-none-m,16,1000,1,48000, 508022057, 10583
list-none-m,24,1000,1,72000, -831993253, -11555
list-none-s,1,1000,1,3000, 2808513, 936
list-none-s,2,1000,1,6000, 11328974, 1888
list-none-s,4,1000,1,12000, 45560496, 3796
list-none-s,8,1000,1,24000, 128984689, 5374
list-none-s,12,1000,1,36000, 240905725, 6691
list-none-s,16,1000,1,48000, 415278716, 8651
list-none-s,24,1000,1,72000, -608533220, -8451
list-none-none,1,10,1,30, 99003, 3300
list-none-none,1,100,1,300, 97726, 325
list-none-none,1,1000,1,3000, 2531520, 843
list-none-none,1,10000,1,30000, 251066295, 8368
list-none-none,1,20000,1,60000, 497221, 8
list-none-none,2,1,1,6, 74127, 12354
list-none-none,2,10,1,60, 68827, 1147
list-none-none,4,1,1,12, 139524, 11627
list-none-none,4,10,1,120, 140197, 1168
list-none-none,8,1,1,24, 284110, 11837
list-none-none,8,10,1,240, 262198, 1092
list-none-none,12,1,1,36, 427956, 11887
list-none-none,12,10,1,360, 313201, 870
list-i-none,2,1,1,6, 87840, 14640
list-i-none,2,2,1,12, 87351, 7279
list-i-none,2,4,1,24, 70026, 2917
list-i-none,2,8,1,48, 95831, 1996
list-i-none,2,16,1,96, 143322, 1492
list-i-none,2,32,1,192, 409570, 2133
list-i-none,4,1,1,12, 133192, 11099
list-i-none,4,2,1,24, 121083, 5045
list-i-none,4,4,1,48, 126361, 2632
list-i-none,4,8,1,96, 138358, 1441
list-i-none,8,1,1,24, 262052, 10918
list-i-none,8,2,1,48, 223666, 4659
list-i-none,8,4,1,96, 278703, 2903
list-i-none,8,8,1,192, 1040405, 5418
list-i-none,12,1,1,36, 450511, 12514
list-i-none,12,4,1,144, 437702, 3039
list-i-none,12,8,1,288, 450240, 1563
list-d-none,2,1,1,6, 81027, 13504
list-d-none,2,2,1,12, 81585, 6798
list-d-none,2,4,1,24, 98129, 4088
list-d-none,2,8,1,48, 100438, 2092
list-d-none,2,16,1,96, 105011, 1093
list-d-none,2,32,1,192, 116891, 608
list-d-none,4,1,1,12, 140533, 11711
list-d-none,4,2,1,24, 130001, 5416
list-d-none,4,4,1,48, 140761, 2932
list-d-none,4,8,1,96, 146510, 1526
list-d-none,4,16,1,192, 153177, 797
list-d-none,8,1,1,24, 307903, 12829
list-d-none,8,2,1,48, 257833, 5371
list-d-none,8,4,1,96, 267571, 2787
list-d-none,8,8,1,192, 264398, 1377
list-d-none,8,16,1,384, 283577, 738
list-d-none,12,1,1,36, 417752, 11604
list-d-none,12,2,1,72, 390516, 5423
list-d-none,12,4,1,144, 392393, 2724
list-d-none,12,8,1,288, 364242, 1264
list-d-none,12,16,1,576, 400451, 695
list-il-none,2,1,1,6, 75265, 12544
list-il-none,2,2,1,12, 82253, 6854
list-il-none,2,4,1,24, 88532, 3688
list-il-none,2,8,1,48, 106201, 2212
list-il-none,2,16,1,96, 191719, 1997
list-il-none,2,32,1,192, 467377, 2434
list-il-none,4,1,1,12, 122500, 10208
list-il-none,4,2,1,24, 140154, 5839
list-il-none,4,4,1,48, 137604, 2866
list-il-none,4,8,1,96, 154995, 1614
list-il-none,4,16,1,192, 238118, 1240
list-il-none,8,2,1,48, 257185, 5358
list-il-none,8,4,1,96, 273494, 2848
list-il-none,8,8,1,192, 265840, 1384
list-il-none,12,1,1,36, 432295, 12008
list-il-none,12,4,1,144, 404234, 2807
list-dl-none,2,1,1,6, 92972, 15495
list-dl-none,2,2,1,12, 89094, 7424
list-dl-none,2,4,1,24, 90246, 3760
list-dl-none,2,8,1,48, 88437, 1842
list-dl-none,2,16,1,96, 110963, 1155
list-dl-none,2,32,1,192, 144154, 750
list-dl-none,4,1,1,12, 144187, 12015
list-dl-none,4,2,1,24, 132510, 5521
list-dl-none,4,4,1,48, 153664, 3201
list-dl-none,4,8,1,96, 127864, 1331
list-dl-none,4,16,1,192, 139493, 726
list-dl-none,8,1,1,24, 247610, 10317
list-dl-none,8,2,1,48, 269564, 5615
list-dl-none,8,4,1,96, 235108, 2449
list-dl-none,8,8,1,192, 260244, 1355
list-dl-none,8,16,1,384, 264579, 689
list-dl-none,12,1,1,36, 340541, 9459
list-dl-none,12,2,1,72, 361078, 5014
list-dl-none,12,4,1,144, 367448, 2551
list-dl-none,12,8,1,288, 419234, 1455
list-dl-none,12,16,1,576, 384845, 668
list-i-m,12,32,1,1152, 7944554, 6896
list-d-m,12,32,1,1152, 1570787, 1363
list-il-m,12,32,1,1152, 21327383, 18513
list-dl-m,12,32,1,1152, 2151803, 1867
list-i-s,12,32,1,1152, 20360460, 17674
list-d-s,12,32,1,1152, 1933287, 1678
list-il-s,12,32,1,1152, 22687006, 19693
list-dl-s,12,32,1,1152, 2188567, 1899
list-none-none,1,1000,1,3000, 2562332, 854
list-none-m,1,1000,1,3000, 2653709, 884
list-none-m,2,1000,1,6000, 13640520, 2273
list-none-m,4,1000,1,12000, 48428847, 4035
list-none-m,8,1000,1,24000, 176746560, 7364
list-none-m,12,1000,1,36000, 377176129, 10477
list-none-m,16,1000,1,48000, -358164942, -7461
list-none-m,24,1000,1,72000, -43623878, -605
list-none-s,1,1000,1,3000, 2594864, 864
list-none-s,2,1000,1,6000, 11222072, 1870
list-none-s,4,1000,1,12000, 33531568, 2794
list-none-s,8,1000,1,24000, 134370622, 5598
list-none-s,12,1000,1,36000, 253713109, 7047
list-none-s,16,1000,1,48000, -484139440, -10086
list-none-s,24,1000,1,72000, 559262343, 7767
list-none-none,1,10,1,30, 69164, 2305
list-none-none,1,100,1,300, 103684, 345
list-none-none,1,1000,1,3000, 2538447, 846
list-none-none,1,10000,1,30000, 250756598, 8358
list-none-none,1,20000,1,60000, -1968871, -32
list-none-none,2,1,1,6, 71669, 11944
list-none-none,2,10,1,60, 65867, 1097
list-none-none,2,100,1,600, 109282, 182
list-none-none,4,1,1,12, 101935, 8494
list-none-none,4,10,1,120, 95946, 799
list-none-none,8,1,1,24, 222458, 9269
list-none-none,8,10,1,240, 247972, 1033
list-none-none,12,1,1,36, 321296, 8924
list-none-none,12,10,1,360, 339643, 943
list-i-none,2,1,1,6, 58767, 9794
list-i-none,2,2,1,12, 60014, 5001
list-i-none,2,4,1,24, 55231, 2301
list-i-none,2,8,1,48, 69517, 1448
list-i-none,2,16,1,96, 134131, 1397
list-i-none,2,32,1,192, 371977, 1937
list-i-none,4,1,1,12, 103601, 8633
list-i-none,4,2,1,24, 119042, 4960
list-i-none,4,4,1,48, 105794, 2204
list-i-none,4,8,1,96, 129847, 1352
list-i-none,8,1,1,24, 216125, 9005
list-i-none,8,2,1,48, 220987, 4603
list-i-none,8,4,1,96, 238650, 2485
list-i-none,8,8,1,192, 248501, 1294
list-i-none,12,1,1,36, 314657, 8740
list-i-none,12,2,1,72, 327123, 4543
list-i-none,12,4,1,144, 312469, 2169
list-i-none,12,8,1,288, 338123, 1174
list-d-none,2,1,1,6, 71268, 11878
list-d-none,2,2,1,12, 63648, 5304
list-d-none,2,4,1,24, 53106, 2212
list-d-none,2,8,1,48, 57070, 1188
list-d-none,2,16,1,96, 64558, 672
list-d-none,2,32,1,192, 78449, 408
list-d-none,4,1,1,12, 103650, 8637
list-d-none,4,2,1,24, 112392, 4683
list-d-none,4,4,1,48, 106574, 2220
list-d-none,4,8,1,96, 110263, 1148
list-d-none,4,16,1,192, 113153, 589
list-d-none,8,1,1,24, 200044, 8335
list-d-none,8,2,1,48, 224945, 4686
list-d-none,8,4,1,96, 227451, 2369
list-d-none,8,8,1,192, 221614, 1154
list-d-none,8,16,1,384, 210993, 549
list-d-none,12,1,1,36, 346622, 9628
list-d-none,12,2,1,72, 308303, 4281
list-d-none,12,4,1,144, 316593, 2198
list-d-none,12,8,1,288, 287824, 999
list-d-none,12,16,1,576, 303146, 526
list-il-none,2,1,1,6, 55943, 9323
list-il-none,2,2,1,12, 52776, 4398
list-il-none,2,4,1,24, 66968, 2790
list-il-none,2,8,1,48, 66416, 1383
list-il-none,2,16,1,96, 102143, 1063
list-il-none,2,32,1,192, 240694, 1253
list-il-none,4,1,1,12, 112827, 9402
list-il-none,4,2,1,24, 108925, 4538
list-il-none,4,4,1,48, 115661, 2409
list-il-none,4,16,1,192, 240921, 1254
list-il-none,8,1,1,24, 220052, 9168
list-il-none,8,2,1,48, 215687, 4493
list-il-none,8,4,1,96, 214588, 2235
list-il-none,12,1,1,36, 321202, 8922
list-il-none,12,2,1,72, 333019, 4625
list-il-none,12,4,1,144, 341492, 2371
list-dl-none,2,1,1,6, 68233, 11372
list-dl-none,2,2,1,12, 57149, 4762
list-dl-none,2,4,1,24, 55610, 2317
list-dl-none,2,8,1,48, 73794, 1537
list-dl-none,2,16,1,96, 78030, 812
list-dl-none,2,32,1,192, 104201, 542
list-dl-none,4,1,1,12, 109455, 9121
list-dl-none,4,2,1,24, 104735, 4363
list-dl-none,4,4,1,48, 100880, 2101
list-dl-none,4,8,1,96, 120236, 1252
list-dl-none,4,16,1,192, 118673, 618
list-dl-none,8,1,1,24, 217827, 9076
list-dl-none,8,2,1,48, 249454, 5196
list-dl-none,8,4,1,96, 215767, 2247
list-dl-none,8,8,1,192, 206277, 1074
list-dl-none,8,16,1,384, 233101, 607
list-dl-none,12,1,1,36, 309978, 8610
list-dl-none,12,2,1,72, 360091, 5001
list-dl-none,12,4,1,144, 354466, 2461
list-dl-none,12,8,1,288, 343444, 1192
list-dl-none,12,16,1,576, 322140, 559
list-i-m,12,32,1,1152, 10172378, 8830
list-d-m,12,32,1,1152, 1180891, 1025
list-il-m,12,32,1,1152, 15084495, 13094
list-dl-m,12,32,1,1152, 2048152, 1777
list-i-s,12,32,1,1152, 28155734, 24440
list-d-s,12,32,1,1152, 1578018, 1369
list-il-s,12,32,1,1152, 18466376, 16029
list-dl-s,12,32,1,1152, 1899356, 1648
list-none-none,1,1000,1,3000, 2507656, 835
list-none-m,1,1000,1,3000, 2566022, 855
list-none-m,2,1000,1,6000, 13058591, 2176
list-none-m,4,1000,1,12000, 47561508, 3963
list-none-m,8,1000,1,24000, 176566914, 7356
list-none-m,12,1000,1,36000, 308843871, 8578
list-none-m,16,1000,1,48000, -324073665, -6751
list-none-m,24,1000,1,72000, 360249672, 5003
list-none-s,1,1000,1,3000, 2526733, 842
list-none-s,2,1000,1,6000, 9604577, 1600
list-none-s,4,1000,1,12000, 32649831, 2720
list-none-s,8,1000,1,24000, 141836685, 5909
list-none-s,12,1000,1,36000, -749425412, -20817
list-none-s,16,1000,1,48000, 462843183, 9642
list-none-s,24,1000,1,72000, 8471612, 117
list-none-none,1,10,1,30, 14543605, 484786
list-none-none,1,100,1,300, 14447368, 48157
list-none-none,1,1000,1,3000, 11384544, 3794
list-none-none,1,10000,1,30000, 251031628, 8367
list-none-none,1,20000,1,60000, 19254151, 320
list-none-none,2,1,1,6, 80727, 13454
list-none-none,2,10,1,60, 90103, 1501
list-none-none,2,1000,1,6000, 6152159, 1025
list-none-none,4,1,1,12, 124354, 10362
list-none-none,4,10,1,120, 118439, 986
list-none-none,8,1,1,24, 223522, 9313
list-none-none,8,10,1,240, 236825, 986
list-none-none,12,1,1,36, 334780, 9299
list-none-none,12,10,1,360, 360819, 1002
list-i-none,2,1,1,6, 71441, 11906
list-i-none,2,2,1,12, 69837, 5819
list-i-none,2,4,1,24, 101899, 4245
list-i-none,2,8,1,48, 81749, 1703
list-i-none,2,16,1,96, 163013, 1698
list-i-none,2,32,1,192, 496324, 2585
list-i-none,4,1,1,12, 122046, 10170
list-i-none,4,2,1,24, 114863, 4785
list-i-none,4,4,1,48, 121264, 2526
list-i-none,4,16,1,192, 261380, 1361
list-i-none,8,1,1,24, 242354, 10098
list-i-none,8,2,1,48, 237136, 4940
list-i-none,8,4,1,96, 234957, 2447
list-i-none,8,8,1,192, 253609, 1320
list-i-none,12,1,1,36, 1089100, 30252
list-i-none,12,2,1,72, 374245, 5197
list-i-none,12,4,1,144, 330090, 2292
list-i-none,12,8,1,288, 369283, 1282
list-d-none,2,1,1,6, 60832, 10138
list-d-none,2,2,1,12, 62582, 5215
list-d-none,2,4,1,24, 58284, 2428
list-d-none,2,8,1,48, 74164, 1545
list-d-none,2,16,1,96, 72002, 750
list-d-none,2,32,1,192, 98640, 513
list-d-none,4,1,1,12, 101198, 8433
list-d-none,4,2,1,24, 127132, 5297
list-d-none,4,4,1,48, 105966, 2207
list-d-none,4,8,1,96, 117899, 1228
list-d-none,4,16,1,192, 127304, 663
list-d-none,8,1,1,24, 251831, 10492
list-d-none,8,2,1,48, 224964, 4686
list-d-none,8,4,1,96, 227537, 2370
list-d-none,8,8,1,192, 231060, 1203
list-d-none,8,16,1,384, 228720, 595
list-d-none,12,1,1,36, 393593, 10933
list-d-none,12,2,1,72, 341903, 4748
list-d-none,12,4,1,144, 341841, 2373
list-d-none,12,8,1,288, 313512, 1088
list-d-none,12,16,1,576, 323619, 561
list-il-none,2,1,1,6, 64751, 10791
list-il-none,2,2,1,12, 58741, 4895
list-il-none,2,4,1,24, 62585, 2607
list-il-none,2,8,1,48, 84250, 1755
list-il-none,2,16,1,96, 102382, 1066
list-il-none,2,32,1,192, 241832, 1259
list-il-none,4,1,1,12, 146884, 12240
list-il-none,4,2,1,24, 104295, 4345
list-il-none,4,4,1,48, 114947, 2394
list-il-none,8,1,1,24, 214405, 8933
list-il-none,8,2,1,48, 216757, 4515
list-il-none,8,4,1,96, 880651, 9173
list-il-none,12,1,1,36, 360250, 10006
list-il-none,12,2,1,72, 324284, 4503
list-il-none,12,4,1,144, 315798, 2193
list-dl-none,2,1,1,6, 62743, 10457
list-dl-none,2,2,1,12, 67625, 5635
list-dl-none,2,4,1,24, 84263, 3510
list-dl-none,2,8,1,48, 76738, 1598
list-dl-none,2,16,1,96, 102433, 1067
list-dl-none,2,32,1,192, 112390, 585
list-dl-none,4,1,1,12, 119482, 9956
list-dl-none,4,2,1,24, 106048, 4418
list-dl-none,4,4,1,48, 103856, 2163
list-dl-none,4,8,1,96, 115347, 1201
list-dl-none,4,16,1,192, 128083, 667
list-dl-none,8,1,1,24, 2909846, 121243
list-dl-none,8,2,1,48, 232328, 4840
list-dl-none,8,4,1,96, 209879, 2186
list-dl-none,8,8,1,192, 255430, 1330
list-dl-none,8,16,1,384, 254795, 663
list-dl-none,12,1,1,36, 358676, 9963
list-dl-none,12,2,1,72, 2729540, 37910
list-dl-none,12,4,1,144, 329634, 2289
list-dl-none,12,8,1,288, 338527, 1175
list-dl-none,12,16,1,576, 358092, 621
list-i-m,12,32,1,1152, 9375108, 8138
list-d-m,12,32,1,1152, 1422325, 1234
list-il-m,12,32,1,1152, 18520443, 16076
list-dl-m,12,32,1,1152, 2235653, 1940
list-i-s,12,32,1,1152, 10343651, 8978
list-d-s,12,32,1,1152, 4202430, 3647
list-il-s,12,32,1,1152, 11366182, 9866
list-dl-s,12,32,1,1152, 40708913, 35337
list-none-none,1,1000,1,3000, 3568294, 1189
list-none-m,1,1000,1,3000, 2696440, 898
list-none-m,2,1000,1,6000, 14448185, 2408
list-none-m,4,1000,1,12000, 39725319, 3310
list-none-m,8,1000,1,24000, -865829521, -36076
list-none-m,12,1000,1,36000, 364035000, 10112
list-none-m,16,1000,1,48000, -423066827, -8813
list-none-m,24,1000,1,72000, 149044268, 2070
list-none-s,1,1000,1,3000, 2536179, 845
list-none-s,2,1000,1,6000, 11127897, 1854
list-none-s,4,1000,1,12000, 31253182, 2604
list-none-s,8,1000,1,24000, 151690691, 6320
list-none-s,12,1000,1,36000, 371210632, 10311
list-none-s,16,1000,1,48000, -512484908, -10676
list-none-s,24,1000,1,72000, 655077677, 9098
list-none-none,1,10,1,30, 75435, 2514
list-none-none,1,100,1,300, 106323, 354
list-none-none,1,1000,1,3000, 2787075, 929
list-none-none,1,10000,1,30000, 259154987, 8638
list-none-none,1,20000,1,60000, 24161948, 402
list-none-none,2,1,1,6, 80850, 13475
list-none-none,2,10,1,60, 94692, 1578
list-none-none,2,100,1,600, 174244, 290
list-none-none,4,1,1,12, 159914, 13326
list-none-none,4,10,1,120, 181375, 1511
list-none-none,8,1,1,24, 249488, 10395
list-none-none,8,10,1,240, 268800, 1120
list-none-none,12,1,1,36, 407714, 11325
list-none-none,12,10,1,360, 459188, 1275
list-i-none,2,1,1,6, 89282, 14880
list-i-none,2,2,1,12, 87123, 7260
list-i-none,2,4,1,24, 87673, 3653
list-i-none,2,8,1,48, 112983, 2353
list-i-none,2,16,1,96, 167638, 1746
list-i-none,2,32,1,192, 496375, 2585
list-i-none,4,1,1,12, 109145, 9095
list-i-none,4,2,1,24, 119768, 4990
list-i-none,4,4,1,48, 122538, 2552
list-i-none,4,8,1,96, 127043, 1323
list-i-none,8,1,1,24, 294385, 12266
list-i-none,8,2,1,48, 252341, 5257
list-i-none,8,4,1,96, 228972, 2385
list-i-none,8,8,1,192, 247819, 1290
list-i-none,8,16,1,384, 616918, 1606
list-i-none,12,1,1,36, 418081, 11613
list-i-none,12,2,1,72, 355009, 4930
list-i-none,12,4,1,144, 435785, 3026
list-d-none,2,1,1,6, 79815, 13302
list-d-none,2,2,1,12, 92537, 7711
list-d-none,2,4,1,24, 64915, 2704
list-d-none,2,8,1,48, 111022, 2312
list-d-none,2,16,1,96, 82117, 855
list-d-none,2,32,1,192, 108420, 564
list-d-none,4,1,1,12, 127727, 10643
list-d-none,4,2,1,24, 182783, 7615
list-d-none,4,4,1,48, 145431, 3029
list-d-none,4,8,1,96, 128476, 1338
list-d-none,4,16,1,192, 129513, 674
list-d-none,8,1,1,24, 211230, 8801
list-d-none,8,2,1,48, 253174, 5274
list-d-none,8,4,1,96, 240909, 2509
list-d-none,8,8,1,192, 260015, 1354
list-d-none,8,16,1,384, 217586, 566
list-d-none,12,1,1,36, 344832, 9578
list-d-none,12,2,1,72, 468201, 6502
list-d-none,12,4,1,144, 482482, 3350
list-d-none,12,8,1,288, 438691, 1523
list-d-none,12,16,1,576, 383884, 666
list-il-none,2,1,1,6, 62227, 10371
list-il-none,2,2,1,12, 87842, 7320
list-il-none,2,4,1,24, 86106, 3587
list-il-none,2,8,1,48, 96744, 2015
list-il-none,2,16,1,96, 193329, 2013
list-il-none,2,32,1,192, 463943, 2416
list-il-none,4,1,1,12, 135962, 11330
list-il-none,4,2,1,24, 134650, 5610
list-il-none,4,4,1,48, 116941, 2436
list-il-none,4,8,1,96, 142010, 1479
list-il-none,8,1,1,24, 301542, 12564
list-il-none,8,2,1,48, 253726, 5285
list-il-none,8,4,1,96, 231535, 2411
list-il-none,8,8,1,192, 258081, 1344
list-il-none,12,1,1,36, 365929, 10164
list-il-none,12,2,1,72, 396525, 5507
list-il-none,12,4,1,144, 334873, 2325
list-il-none,12,8,1,288, 346960, 1204
list-dl-none,2,1,1,6, 69672, 11612
list-dl-none,2,2,1,12, 25226915, 2102242
list-dl-none,2,4,1,24, 870894, 36287
list-dl-none,2,8,1,48, 156953, 3269
list-dl-none,2,16,1,96, 185401, 1931
list-dl-none,2,32,1,192, 1225144, 6380
list-dl-none,4,1,1,12, 951465, 79288
list-dl-none,4,2,1,24, 2214124, 92255
list-dl-none,4,4,1,48, 4176665, 87013
list-dl-none,4,8,1,96, 287228, 2991
list-dl-none,4,16,1,192, 2151659, 11206
list-dl-none,8,1,1,24, 5118977, 213290
list-dl-none,8,2,1,48, 366123, 7627
list-dl-none,8,4,1,96, 268052, 2792
list-dl-none,8,8,1,192, 247924, 1291
list-dl-none,8,16,1,384, 3144351, 8188
list-dl-none,12,1,1,36, 385232, 10700
list-dl-none,12,2,1,72, 332857, 4623
list-dl-none,12,4,1,144, 321858, 2235
list-dl-none,12,8,1,288, 328798, 1141
list-dl-none,12,16,1,576, 3229180, 5606
list-i-m,12,32,1,1152, 24924816, 21636
list-d-m,12,32,1,1152, 10706617, 9293
list-il-m,12,32,1,1152, 23450673, 20356
list-dl-m,12,32,1,1152, 24673085, 21417
list-i-s,12,32,1,1152, 220397341, 191317
list-d-s,12,32,1,1152, 146821492, 127449
list-il-s,12,32,1,1152, -719312840, -624403
list-dl-s,12,32,1,1152, 156709596, 136032
list-none-none,1,1000,1,3000, 2547561, 849
list-none-m,1,1000,1,3000, 2608286, 869
list-none-m,2,1000,1,6000, 16087648, 2681
list-none-m,4,1000,1,12000, 41074701, 3422
list-none-m,8,1000,1,24000, 67727012, 2821
list-none-m,12,1000,1,36000, 194744874, 5409
list-none-m,16,1000,1,48000, 225753447, 4703
list-none-m,24,1000,1,72000, -49267417, -684
list-none-s,1,1000,1,3000, 2560906, 853
list-none-s,2,1000,1,6000, 9851693, 1641
list-none-s,4,1000,1,12000, 48561470, 4046
list-none-s,8,1000,1,24000, -834316482, -34763
list-none-s,12,1000,1,36000, 487386466, 13538
list-none-s,16,1000,1,48000, -318335200, -6631
list-none-s,24,1000,1,72000, 567396648, 7880
list-none-none,1,10,1,30, 99706, 3323
list-none-none,1,100,1,300, 124149, 413
list-none-none,1,1000,1,3000, 2600331, 866
list-none-none,1,10000,1,30000, 249310088, 8310
list-none-none,1,20000,1,60000, -37345354, -622
list-none-none,2,1,1,6, 134544, 22424
list-none-none,2,10,1,60, 141926, 2365
list-none-none,4,1,1,12, 119018, 9918
list-none-none,4,10,1,120, 133323, 1111
list-none-none,8,1,1,24, 221899, 9245
list-none-none,8,10,1,240, 263369, 1097
list-none-none,12,1,1,36, 339738, 9437
list-none-none,12,10,1,360, 298479, 829
list-i-none,2,1,1,6, 149674, 24945
list-i-none,2,2,1,12, 107168, 8930
list-i-none,2,4,1,24, 107349, 4472
list-i-none,2,8,1,48, 119848, 2496
list-i-none,2,16,1,96, 162000, 1687
list-i-none,2,32,1,192, 337657, 1758
list-i-none,4,1,1,12, 134447, 11203
list-i-none,4,4,1,48, 130163, 2711
list-i-none,4,8,1,96, 149013, 1552
list-i-none,4,16,1,192, 235960, 1228
list-i-none,8,1,1,24, 228908, 9537
list-i-none,8,2,1,48, 264002, 5500
list-i-none,8,4,1,96, 220177, 2293
list-i-none,8,8,1,192, 231882, 1207
list-i-none,8,16,1,384, 395572, 1030
list-i-none,12,1,1,36, 317327, 8814
list-i-none,12,2,1,72, 311596, 4327
list-i-none,12,4,1,144, 321997, 2236
list-d-none,2,1,1,6, 90712, 15118
list-d-none,2,2,1,12, 104215, 8684
list-d-none,2,4,1,24, 113037, 4709
list-d-none,2,8,1,48, 98252, 2046
list-d-none,2,32,1,192, 99680, 519
list-d-none,4,1,1,12, 123875, 10322
list-d-none,4,2,1,24, 125263, 5219
list-d-none,4,4,1,48, 112459, 2342
list-d-none,4,8,1,96, 120001, 1250
list-d-none,4,16,1,192, 127482, 663
list-d-none,8,1,1,24, 194230, 8092
list-d-none,8,2,1,48, 237385, 4945
list-d-none,8,4,1,96, 214583, 2235
list-d-none,8,8,1,192, 241812, 1259
list-d-none,8,16,1,384, 243243, 633
list-d-none,12,1,1,36, 355389, 9871
list-d-none,12,2,1,72, 384986, 5347
list-d-none,12,4,1,144, 355713, 2470
list-d-none,12,8,1,288, 300365, 1042
list-d-none,12,16,1,576, 343809, 596
list-il-none,2,1,1,6, 125481, 20913
list-il-none,2,2,1,12, 71332, 5944
list-il-none,2,4,1,24, 83436, 3476
list-il-none,2,8,1,48, 124866, 2601
list-il-none,2,16,1,96, 120389, 1254
list-il-none,2,32,1,192, 352778, 1837
list-il-none,4,1,1,12, 140889, 11740
list-il-none,4,2,1,24, 144643, 6026
list-il-none,4,4,1,48, 141972, 2957
list-il-none,4,8,1,96, 195234, 2033
list-il-none,8,1,1,24, 233524, 9730
list-il-none,8,4,1,96, 230666, 2402
list-il-none,8,8,1,192, 242223, 1261
list-il-none,12,1,1,36, 315695, 8769
list-il-none,12,2,1,72, 287616, 3994
list-il-none,12,8,1,288, 351664, 1221
list-dl-none,2,1,1,6, 91096, 15182
list-dl-none,2,2,1,12, 87463, 7288
list-dl-none,2,4,1,24, 161467, 6727
list-dl-none,2,8,1,48, 79111, 1648
list-dl-none,2,16,1,96, 122201, 1272
list-dl-none,2,32,1,192, 130085, 677
list-dl-none,4,1,1,12, 118509, 9875
list-dl-none,4,2,1,24, 128808, 5367
list-dl-none,4,4,1,48, 123791, 2578
list-dl-none,4,8,1,96, 120193, 1252
list-dl-none,4,16,1,192, 186616, 971
list-dl-none,8,1,1,24, 222448, 9268
list-dl-none,8,2,1,48, 200875, 4184
list-dl-none,8,4,1,96, 230605, 2402
list-dl-none,8,16,1,384, 237973, 619
list-dl-none,12,1,1,36, 356891, 9913
list-dl-none,12,2,1,72, 307221, 4266
list-dl-none,12,4,1,144, 317193, 2202
list-dl-none,12,8,1,288, 335700, 1165
list-dl-none,12,16,1,576, 339976, 590
list-i-m,12,32,1,1152, 5429367, 4712
list-d-m,12,32,1,1152, 1384631, 1201
list-il-m,12,32,1,1152, 12552271, 10896
list-dl-m,12,32,1,1152, 1906539, 1654
list-i-s,12,32,1,1152, 10273581, 8918
list-d-s,12,32,1,1152, 1397859, 1213
list-il-s,12,32,1,1152, 9736847, 8452
list-dl-s,12,32,1,1152, 1491794, 1294
list-none-none,1,1000,1,3000, 2573089, 857
list-none-m,1,1000,1,3000, 2603175, 867
list-none-m,2,1000,1,6000, 12862998, 2143
list-none-m,4,1000,1,12000, 47661479, 3971
list-none-m,8,1000,1,24000, 179013970, 7458
list-none-m,12,1000,1,36000, -657625932, -18267
list-none-m,16,1000,1,48000, 560985977, 11687
list-none-m,24,1000,1,72000, 261421068, 3630
list-none-s,1,1000,1,3000, 2506452, 835
list-none-s,2,1000,1,6000, 10995687, 1832
list-none-s,4,1000,1,12000, -962842653, -80236
list-none-s,8,1000,1,24000, 144062521, 6002
list-none-s,12,1000,1,36000, 272269323, 7563
list-none-s,16,1000,1,48000, 506940904, 10561
list-none-s,24,1000,1,72000, -935841399, -12997
list-none-none,1,10,1,30, 98718, 3290
list-none-none,1,100,1,300, 115872, 386
list-none-none,1,1000,1,3000, 2561899, 853
list-none-none,1,10000,1,30000, 249660032, 8322
list-none-none,1,20000,1,60000, -1489734, -24
list-none-none,2,1,1,6, 91221, 15203
list-none-none,2,10,1,60, 103218, 1720
list-none-none,4,1,1,12, 123585, 10298
list-none-none,4,10,1,120, 135032, 1125
list-none-none,8,1,1,24, 295716, 12321
list-none-none,8,10,1,240, 337853, 1407
list-none-none,12,1,1,36, 315953, 8776
list-none-none,12,10,1,360, 334690, 929
list-i-none,2,1,1,6, 81988, 13664
list-i-none,2,2,1,12, 75902, 6325
list-i-none,2,4,1,24, 107126, 4463
list-i-none,2,8,1,48, 96600, 2012
list-i-none,2,16,1,96, 165206, 1720
list-i-none,2,32,1,192, 371553, 1935
list-i-none,4,1,1,12, 100838, 8403
list-i-none,4,2,1,24, 152713, 6363
list-i-none,4,4,1,48, 143964, 2999
list-i-none,4,8,1,96, 129840, 1352
list-i-none,4,16,1,192, 206524, 1075
list-i-none,8,1,1,24, 198280, 8261
list-i-none,8,2,1,48, 233720, 4869
list-i-none,8,4,1,96, 227665, 2371
list-i-none,8,8,1,192, 215023, 1119
list-i-none,12,1,1,36, 301292, 8369
list-i-none,12,2,1,72, 267555, 3716
list-i-none,12,4,1,144, 268585, 1865
list-i-none,12,8,1,288, 447358, 1553
list-d-none,2,1,1,6, 103170, 17195
list-d-none,2,2,1,12, 106865, 8905
list-d-none,2,4,1,24, 108803, 4533
list-d-none,2,8,1,48, 107525, 2240
list-d-none,2,16,1,96, 101345, 1055
list-d-none,2,32,1,192, 111669, 581
list-d-none,4,1,1,12, 118693, 9891
list-d-none,4,2,1,24, 116249, 4843
list-d-none,4,4,1,48, 146683, 3055
list-d-none,4,8,1,96, 149613, 1558
list-d-none,4,16,1,192, 153281, 798
list-d-none,8,1,1,24, 217978, 9082
list-d-none,8,2,1,48, 220719, 4598
list-d-none,8,4,1,96, 212954, 2218
list-d-none,8,8,1,192, 209897, 1093
list-d-none,8,16,1,384, 242151, 630
list-d-none,12,1,1,36, 311032, 8639
list-d-none,12,2,1,72, 311792, 4330
list-d-none,12,4,1,144, 324026, 2250
list-d-none,12,8,1,288, 311446, 1081
list-il-none,2,1,1,6, 84772, 14128
list-il-none,2,2,1,12, 102731, 8560
list-il-none,2,4,1,24, 109518, 4563
list-il-none,2,8,1,48, 126040, 2625
list-il-none,2,16,1,96, 128396, 1337
list-il-none,2,32,1,192, 280805, 1462
list-il-none,4,1,1,12, 98883, 8240
list-il-none,4,2,1,24, 160071, 6669
list-il-none,4,4,1,48, 144672, 3014
list-il-none,4,8,1,96, 148001, 1541
list-il-none,8,1,1,24, 279462, 11644
list-il-none,8,2,1,48, 256003, 5333
list-il-none,8,8,1,192, 220430, 1148
list-il-none,12,2,1,72, 299850, 4164
list-il-none,12,4,1,144, 302609, 2101
list-il-none,12,8,1,288, 322659, 1120
list-dl-none,2,1,1,6, 88937, 14822
list-dl-none,2,2,1,12, 87083, 7256
list-dl-none,2,4,1,24, 90016, 3750
list-dl-none,2,8,1,48, 108960, 2270
list-dl-none,2,16,1,96, 119613, 1245
list-dl-none,2,32,1,192, 117771, 613
list-dl-none,4,1,1,12, 113121, 9426
list-dl-none,4,2,1,24, 145007, 6041
list-dl-none,4,4,1,48, 128250, 2671
list-dl-none,4,8,1,96, 133485, 1390
list-dl-none,4,16,1,192, 138007, 718
list-dl-none,8,1,1,24, 248787, 10366
list-dl-none,8,2,1,48, 202144, 4211
list-dl-none,8,4,1,96, 1127752, 11747
list-dl-none,8,8,1,192, 213714, 1113
list-dl-none,8,16,1,384, 224902, 585
list-dl-none,12,1,1,36, 285935, 7942
list-dl-none,12,2,1,72, 311776, 4330
list-dl-none,12,4,1,144, 322295, 2238
list-dl-none,12,8,1,288, 324931, 1128
list-dl-none,12,16,1,576, 330253, 573
list-i-m,12,32,1,1152, -993159057, -862117
list-d-m,12,32,1,1152, 1591562, 1381
list-il-m,12,32,1,1152, 12285503, 10664
list-dl-m,12,32,1,1152, 1963601, 1704
list-i-s,12,32,1,1152, 12661233, 10990
list-d-s,12,32,1,1152, 1655374, 1436
list-il-s,12,32,1,1152, 12156850, 10552
list-dl-s,12,32,1,1152, 2060586, 1788
list-none-none,1,1000,1,3000, 2559705, 853
list-none-m,1,1000,1,3000, 2624792, 874
list-none-m,2,1000,1,6000, 12936435, 2156
list-none-m,4,1000,1,12000, 47243401, 3936
list-none-m,8,1000,1,24000, 175691240, 7320
list-none-m,12,1000,1,36000, 387586202, 10766
list-none-m,16,1000,1,48000, -355186150, -7399
list-none-m,24,1000,1,72000, 328850971, 4567
list-none-s,1,1000,1,3000, 2597175, 865
list-none-s,2,1000,1,6000, 10875451, 1812
list-none-s,4,1000,1,12000, 41275684, 3439
list-none-s,8,1000,1,24000, 123941879, 5164
list-none-s,12,1000,1,36000, -738817216, -20522
list-none-s,16,1000,1,48000, 472585285, 9845
list-none-s,24,1000,1,72000, 367119796, 5098
list-none-none,1,10,1,30, 52455, 1748
list-none-none,1,100,1,300, 79137, 263
list-none-none,1,1000,1,3000, 2518543, 839
list-none-none,1,10000,1,30000, -746878347, -24895
list-none-none,1,20000,1,60000, 28868043, 481
list-none-none,2,1,1,6, 285188, 47531
list-none-none,2,10,1,60, 286909, 4781
list-none-none,2,100,1,600, 339928, 566
list-none-none,4,1,1,12, 494490, 41207
list-none-none,4,10,1,120, 522535, 4354
list-none-none,4,100,1,1200, 527649, 439
list-none-none,8,1,1,24, 1219773, 50823
list-none-none,8,10,1,240, 1082347, 4509
list-none-none,8,100,1,2400, 1159234, 483
list-none-none,12,1,1,36, 1792180, 49782
list-none-none,12,10,1,360, 1848921, 5135
list-none-none,12,100,1,3600, 1626031, 451
list-i-none,2,1,1,6, 288445, 48074
list-i-none,2,2,1,12, 257957, 21496
list-i-none,2,4,1,24, 288368, 12015
list-i-none,2,8,1,48, 456933, 9519
list-i-none,2,16,1,96, 1111001, 11572
list-i-none,2,32,1,192, 3626591, 18888
list-i-none,4,1,1,12, 143367, 11947
list-i-none,4,2,1,24, 114968, 4790
list-i-none,4,4,1,48, 173906, 3623
list-i-none,8,1,1,24, 218841, 9118
list-i-none,8,2,1,48, 236456, 4926
list-i-none,8,4,1,96, 1118390, 11649
list-i-none,8,8,1,192, 1255663, 6539
list-i-none,8,16,1,384, 3404840, 8866
list-i-none,12,1,1,36, 1498443, 41623
list-i-none,12,2,1,72, 1671423, 23214
list-i-none,12,4,1,144, 1563290, 10856
list-d-none,2,1,1,6, 276835, 46139
list-d-none,2,2,1,12, 293528, 24460
list-d-none,2,4,1,24, 286140, 11922
list-d-none,2,8,1,48, 153311, 3193
list-d-none,2,16,1,96, 286050, 2979
list-d-none,2,32,1,192, 350849, 1827
list-d-none,4,1,1,12, 608172, 50681
list-d-none,4,2,1,24, 507399, 21141
list-d-none,4,4,1,48, 474205, 9879
list-d-none,4,8,1,96, 524147, 5459
list-d-none,4,16,1,192, 579079, 3016
list-d-none,8,1,1,24, 1104871, 46036
list-d-none,8,2,1,48, 1144319, 23839
list-d-none,8,4,1,96, 1275418, 13285
list-d-none,8,8,1,192, 1171966, 6103
list-d-none,12,1,1,36, 676329, 18786
list-d-none,12,2,1,72, 379360, 5268
list-d-none,12,4,1,144, 353902, 2457
list-d-none,12,8,1,288, 434236, 1507
list-il-none,2,1,1,6, 92110, 15351
list-il-none,2,2,1,12, 110503, 9208
list-il-none,2,4,1,24, 151896, 6329
list-il-none,2,8,1,48, 205216, 4275
list-il-none,2,16,1,96, 592798, 6174
list-il-none,2,32,1,192, 1857003, 9671
list-il-none,4,1,1,12, 147957, 12329
list-il-none,4,2,1,24, 141820, 5909
list-il-none,4,8,1,96, 324447, 3379
list-il-none,4,16,1,192, 1047003, 5453
list-il-none,8,1,1,24, 519365, 21640
list-il-none,8,2,1,48, 329253, 6859
list-il-none,8,16,1,384, 1099807, 2864
list-il-none,12,1,1,36, 338951, 9415
list-il-none,12,2,1,72, 1657021, 23014
list-il-none,12,4,1,144, 1665261, 11564
list-il-none,12,8,1,288, 2074528, 7203
list-dl-none,2,1,1,6, 261738, 43623
list-dl-none,2,2,1,12, 303270, 25272
list-dl-none,2,4,1,24, 408173, 17007
list-dl-none,2,8,1,48, 382617, 7971
list-dl-none,2,16,1,96, 262257, 2731
list-dl-none,2,32,1,192, 427886, 2228
list-dl-none,4,1,1,12, 120819, 10068
list-dl-none,4,2,1,24, 155426, 6476
list-dl-none,4,4,1,48, 138275, 2880
list-dl-none,4,8,1,96, 189310, 1971
list-dl-none,4,16,1,192, 275723, 1436
list-dl-none,8,1,1,24, 239855, 9993
list-dl-none,8,2,1,48, 309791, 6453
list-dl-none,8,4,1,96, 354616, 3693
list-dl-none,8,16,1,384, 430310, 1120
list-dl-none,12,1,1,36, 454231, 12617
list-dl-none,12,2,1,72, 373282, 5184
list-dl-none,12,4,1,144, 419974, 2916
list-dl-none,12,8,1,288, 413102, 1434
list-dl-none,12,16,1,576, 1498280, 2601
list-i-m,12,32,1,1152, 27950601, 24262
list-d-m,12,32,1,1152, 4350429, 3776
list-il-m,12,32,1,1152, 27882567, 24203
list-dl-m,12,32,1,1152, 5937083, 5153
list-i-s,12,32,1,1152, -645220392, -560087
list-d-s,12,32,1,1152, 2571072, 2231
list-il-s,12,32,1,1152, 620501561, 538629
list-dl-s,12,32,1,1152, 43332652, 37615
list-none-none,1,1000,1,3000, 2780037, 926
list-none-m,1,1000,1,3000, 7525201, 2508
list-none-m,2,1000,1,6000, 9357832, 1559
list-none-m,4,1000,1,12000, -941220506, -78435
list-none-m,8,1000,1,24000, 216121232, 9005
list-none-m,12,1000,1,36000, 399697536, 11102
list-none-m,16,1000,1,48000, -357941249, -7457
list-none-m,24,1000,1,72000, 151541617, 2104
list-none-s,1,1000,1,3000, 2547991, 849
list-none-s,2,1000,1,6000, 7495578, 1249
list-none-s,4,1000,1,12000, 30184622, 2515
list-none-s,8,1000,1,24000, 98959196, 4123
list-none-s,12,1000,1,36000, 225514605, 6264
list-none-s,16,1000,1,48000, -569237773, -11859
list-none-s,24,1000,1,72000, 194856066, 2706
list-none-none,1,10,1,30, 113636, 3787
list-none-none,1,100,1,300, 86828, 289
list-none-none,1,1000,1,3000, 2554282, 851
list-none-none,1,10000,1,30000, 254115442, 8470
list-none-none,1,20000,1,60000, 20898695, 348
list-none-none,2,1,1,6, 85603, 14267
list-none-none,2,10,1,60, 103348, 1722
list-none-none,4,1,1,12, 118829, 9902
list-none-none,4,10,1,120, 121777, 1014
list-none-none,8,10,1,240, 236674, 986
list-none-none,12,1,1,36, 398616, 11072
list-none-none,12,10,1,360, 363203, 1008
list-i-none,2,1,1,6, 139144, 23190
list-i-none,2,2,1,12, 156314, 13026
list-i-none,2,4,1,24, 70383, 2932
list-i-none,2,8,1,48, 99801, 2079
list-i-none,2,16,1,96, 117594, 1224
list-i-none,2,32,1,192, 324371, 1689
list-i-none,4,2,1,24, 107615, 4483
list-i-none,4,4,1,48, 117484, 2447
list-i-none,4,8,1,96, 129647, 1350
list-i-none,4,16,1,192, 193934, 1010
list-i-none,8,1,1,24, 223504, 9312
list-i-none,8,2,1,48, 215862, 4497
list-i-none,8,4,1,96, 253346, 2639
list-i-none,8,8,1,192, 246833, 1285
list-i-none,12,1,1,36, 318313, 8842
list-i-none,12,4,1,144, 355082, 2465
list-i-none,12,8,1,288, 315757, 1096
list-d-none,2,1,1,6, 94203, 15700
list-d-none,2,2,1,12, 83625, 6968
list-d-none,2,4,1,24, 97973, 4082
list-d-none,2,8,1,48, 102199, 2129
list-d-none,2,16,1,96, 95402, 993
list-d-none,4,1,1,12, 98359, 8196
list-d-none,4,2,1,24, 132884, 5536
list-d-none,4,4,1,48, 121314, 2527
list-d-none,4,8,1,96, 122989, 1281
list-d-none,4,16,1,192, 135197, 704
list-d-none,8,1,1,24, 254284, 10595
list-d-none,8,2,1,48, 211674, 4409
list-d-none,8,4,1,96, 202285, 2107
list-d-none,8,8,1,192, 248534, 1294
list-d-none,12,1,1,36, 283039, 7862
list-d-none,12,2,1,72, 343377, 4769
list-d-none,12,4,1,144, 372870, 2589
list-il-none,2,1,1,6, 100977, 16829
list-il-none,2,2,1,12, 81978, 6831
list-il-none,2,4,1,24, 90174, 3757
list-il-none,2,8,1,48, 127353, 2653
list-il-none,2,16,1,96, 171555, 1787
list-il-none,2,32,1,192, 326623, 1701
list-il-none,4,4,1,48, 151615, 3158
list-il-none,4,16,1,192, 232181, 1209
list-il-none,8,1,1,24, 222215, 9258
list-il-none,8,2,1,48, 233679, 4868
list-il-none,8,4,1,96, 252557, 2630
list-il-none,8,8,1,192, 240962, 1255
list-il-none,12,1,1,36, 327164, 9087
list-il-none,12,4,1,144, 363106, 2521
list-il-none,12,8,1,288, 344263, 1195
list-il-none,12,16,1,576, 365411, 634
list-dl-none,2,1,1,6, 82897, 13816
list-dl-none,2,2,1,12, 83551, 6962
list-dl-none,2,4,1,24, 73482, 3061
list-dl-none,2,8,1,48, 98989, 2062
list-dl-none,2,16,1,96, 122230, 1273
list-dl-none,2,32,1,192, 149789, 780
list-dl-none,4,1,1,12, 159754, 13312
list-dl-none,4,2,1,24, 128676, 5361
list-dl-none,4,4,1,48, 113770, 2370
list-dl-none,8,1,1,24, 273998, 11416
list-dl-none,8,4,1,96, 231881, 2415
list-dl-none,8,16,1,384, 229805, 598
list-dl-none,12,1,1,36, 319346, 8870
list-dl-none,12,2,1,72, 301390, 4185
list-dl-none,12,4,1,144, 286474, 1989
list-dl-none,12,8,1,288, 314031, 1090
list-dl-none,12,16,1,576, 360554, 625
list-i-m,12,32,1,1152, 5006721, 4346
list-d-m,12,32,1,1152, 1494661, 1297
list-il-m,12,32,1,1152, 13377228, 11612
list-dl-m,12,32,1,1152, 1834266, 1592
list-i-s,12,32,1,1152, 14307802, 12419
list-d-s,12,32,1,1152, 2343831, 2034
list-il-s,12,32,1,1152, 15064063, 13076
list-dl-s,12,32,1,1152, 1801926, 1564
list-none-none,1,1000,1,3000, 2550934, 850
list-none-m,1,1000,1,3000, 2593052, 864
list-none-m,2,1000,1,6000, 13144120, 2190
list-none-m,4,1000,1,12000, 47822793, 3985
list-none-m,8,1000,1,24000, -822762332, -34281
list-none-m,12,1000,1,36000, 383316451, 10647
list-none-m,16,1000,1,48000, -341149461, -7107
list-none-m,24,1000,1,72000, 301861107, 4192
list-none-s,1,1000,1,3000, 2552799, 850
list-none-s,2,1000,1,6000, 11139543, 1856
list-none-s,4,1000,1,12000, 46092881, 3841
list-none-s,8,1000,1,24000, 127601577, 5316
list-none-s,12,1000,1,36000, -690972641, -19193
list-none-s,16,1000,1,48000, 561166600, 11690
list-none-s,24,1000,1,72000, 142752191, 1982
