add-none,2,100,400, 120241,300,0
add-none,2,1000,4000, 131738,32,0
add-none,2,10000,40000, 759203,18,-872
add-none,2,100000,400000, 7299009,18,-9910
add-none,4,100,800, 173969,217,0
add-none,4,1000,8000, 184883,23,447
add-none,4,10000,80000, 1553409,19,-3105
add-none,4,100000,800000, 14809224,18,-67650
add-none,8,100,1600, 995091,621,0
add-none,8,1000,16000, 349173,21,329
add-none,8,10000,160000, 2885864,18,-302
add-none,8,100000,1600000, 27937974,17,-10643
add-none,12,100,2400, 418630,174,0
add-none,12,1000,24000, 452269,18,881
add-none,12,10000,240000, 4749575,19,-6975
add-none,12,100000,2400000, 41709042,17,-81091
add-yield-none,2,10,40, 128364,3209,0
add-yield-none,4,10,80, 145381,1817,8
add-yield-none,8,10,160, 248313,1551,0
add-yield-none,12,10,240, 350386,1459,0
add-yield-none,2,20,80, 110043,1375,0
add-yield-none,4,20,160, 186699,1166,0
add-yield-none,8,20,320, 304536,951,0
add-yield-none,12,20,480, 403094,839,0
add-yield-none,2,40,160, 149092,931,30
add-yield-none,4,40,320, 187463,585,92
add-yield-none,8,40,640, 334729,523,49
add-yield-none,12,40,960, 446413,465,160
add-yield-none,2,80,320, 190800,596,43
add-yield-none,4,80,640, 232681,363,129
add-yield-none,8,80,1280, 331069,258,142
add-yield-none,12,80,1920, 475337,247,253
add-yield-none,2,100,400, 197479,493,41
add-yield-none,4,100,800, 242472,303,38
add-yield-none,8,100,1600, 339503,212,228
add-yield-none,12,100,2400, 503820,209,132
add-yield-none,2,1000,4000, 1081783,270,52
add-yield-none,4,1000,8000, 1191546,148,43
add-yield-none,8,1000,16000, 1389364,86,289
add-yield-none,12,1000,24000, 1850112,77,424
add-yield-none,2,10000,40000, 9750515,243,-2
add-yield-none,4,10000,80000, 10625713,132,132
add-yield-none,8,10000,160000, 11465823,71,-337
add-yield-none,12,10000,240000, 14413517,60,1599
add-yield-none,2,100000,400000, 96190657,240,288
add-yield-none,4,100000,800000, 99864488,124,-4419
add-yield-none,8,100000,1600000, 111907696,69,-4130
add-yield-none,12,100000,2400000, 153939688,64,-24582
add-none,1,100,200, 121872,609,0
add-none,1,1000,2000, 122725,61,0
add-none,1,10000,20000, 317404,15,0
add-none,1,100000,200000, 2164294,10,0
add-none,1,1000000,2000000, 27972174,13,0
add-none,2,100,400, 129722,324,0
add-none,2,1000,4000, 147838,36,-83
add-none,2,10000,40000, 798193,19,-2340
add-none,2,100000,400000, 7929879,19,-29400
add-none,2,1000000,4000000, 62161429,15,-189803
add-none,4,100,800, 175638,219,0
add-none,4,1000,8000, 197559,24,119
add-none,4,10000,80000, 1564015,19,-4682
add-none,4,100000,800000, 11303922,14,-58035
add-none,4,1000000,8000000, 121423539,15,-811172
add-yield-none,1,100,200, 181296,906,0
add-yield-none,1,1000,2000, 838324,419,0
add-yield-none,1,10000,20000, 4721095,236,0
add-yield-none,1,100000,200000, 46619962,233,0
add-yield-none,1,1000000,2000000, -222480720,-111,0
add-yield-none,2,100,400, 211836,529,50
add-yield-none,2,1000,4000, 1287981,321,-4
add-yield-none,2,10000,40000, 6833731,170,-369
add-yield-none,2,100000,400000, 68130846,170,1620
add-yield-none,2,1000000,4000000, -85174718,-21,-75596
add-yield-none,4,100,800, 265643,332,50
add-yield-none,4,1000,8000, 1270158,158,114
add-yield-none,4,10000,80000, 10646091,133,122
add-yield-none,4,100000,800000, 107920407,134,-2571
add-yield-none,4,1000000,8000000, -62666280,-7,89499
add-yield-m,2,10000,40000, 28472422,711,0
add-yield-m,4,10000,80000, 73307573,916,0
add-yield-m,8,10000,160000, 183183673,1144,0
add-yield-m,12,10000,240000, -639496118,-2664,0
add-yield-c,2,10000,40000, 1907353,47,0
add-yield-c,4,10000,80000, 7741388,96,0
add-yield-c,8,10000,160000, 12249434,76,0
add-yield-c,12,10000,240000, 21309347,88,0
add-yield-s,2,10000,40000, 1593603,39,0
add-yield-s,4,10000,80000, 3594491,44,0
add-yield-s,8,1000,16000, 772867,48,0
add-yield-s,12,1000,24000, 1126142,46,0
add-m,1,10000,20000, 732583,36,0
add-m,2,10000,40000, 4001548,100,0
add-m,4,10000,80000, 15557224,194,0
add-m,8,10000,160000, 35874447,224,0
add-m,12,10000,240000, 48397014,201,0
add-c,1,10000,20000, 459449,22,0
add-c,2,10000,40000, 2103931,52,0
add-c,4,10000,80000, 4585349,57,0
add-c,8,10000,160000, 12386291,77,0
add-c,12,10000,240000, 19861040,82,0
add-s,1,10000,20000, 396781,19,0
add-s,2,10000,40000, 1343740,33,0
add-s,4,10000,80000, 3522263,44,0
add-s,8,10000,160000, 6647615,41,0
add-s,12,10000,240000, 10547254,43,0
add-none,2,100,400, 14575213,36438,0
add-none,2,1000,4000, 14521480,3630,-412
add-none,2,10000,40000, 23529270,588,0
add-none,2,100000,400000, 24532921,61,0
add-none,4,100,800, 16530562,20663,0
add-none,4,1000,8000, 15519957,1939,-504
add-none,4,10000,80000, 21814532,272,-3890
add-none,4,100000,800000, 23646661,29,-23920
add-none,8,100,1600, 25857250,16160,-46
add-none,8,1000,16000, 22918292,1432,-160
add-none,8,10000,160000, 25161832,157,-7039
add-none,8,100000,1600000, 73932399,46,-38977
add-none,12,100,2400, 21927687,9136,-76
add-none,12,1000,24000, 26004090,1083,-917
add-none,12,10000,240000, 27940869,116,-8579
add-none,12,100000,2400000, 81908597,34,37058
add-yield-none,2,10,40, 44480664,1112016,0
add-yield-none,4,10,80, 31915583,398944,0
add-yield-none,8,10,160, 46521371,290758,0
add-yield-none,12,10,240, 36979314,154080,0
add-yield-none,2,20,80, 38855808,485697,0
add-yield-none,4,20,160, 25489651,159310,0
add-yield-none,8,20,320, 29797329,93116,0
add-yield-none,12,20,480, 68003675,141674,0
add-yield-none,2,40,160, 36647152,229044,0
add-yield-none,4,40,320, 34468081,107712,0
add-yield-none,8,40,640, 45550252,71172,0
add-yield-none,12,40,960, 55675042,57994,0
add-yield-none,2,80,320, 30786091,96206,0
add-yield-none,4,80,640, 28187660,44043,0
add-yield-none,8,80,1280, 46565634,36379,0
add-yield-none,12,80,1920, 42083516,21918,0
add-yield-none,2,100,400, 33221107,83052,0
add-yield-none,4,100,800, 51531003,64413,0
add-yield-none,8,100,1600, 31715578,19822,0
add-yield-none,12,100,2400, 43816424,18256,0
add-yield-none,2,1000,4000, 37551577,9387,0
add-yield-none,4,1000,8000, 40552520,5069,0
add-yield-none,8,1000,16000, 64560829,4035,0
add-yield-none,12,1000,24000, 49708135,2071,-203
add-yield-none,2,10000,40000, 172552395,4313,0
add-yield-none,4,10000,80000, -852494729,-10656,-2098
add-yield-none,8,10000,160000, 127887387,799,-639
add-yield-none,12,10000,240000, 136227067,567,2855
add-yield-none,2,100000,400000, -263902716,-659,-17564
add-yield-none,4,100000,800000, 603578186,754,-71106
add-yield-none,8,100000,1600000, -185089393,-115,-10994
add-yield-none,12,100000,2400000, -6667920,-2,3478
add-none,1,100,200, 14480357,72401,0
add-none,1,1000,2000, 14510544,7255,0
add-none,1,10000,20000, 15214503,760,0
add-none,1,100000,200000, 16527531,82,0
add-none,1,1000000,2000000, 47260827,23,0
add-none,2,100,400, 14258532,35646,0
add-none,2,1000,4000, 14564542,3641,0
add-none,2,10000,40000, 15240067,381,0
add-none,2,100000,400000, 24495165,61,0
add-none,2,1000000,4000000, 120502609,30,-6879
add-none,4,100,800, 25482889,31853,-49
add-none,4,1000,8000, 22305665,2788,-181
add-none,4,10000,80000, 21542322,269,-511
add-none,4,100000,800000, -975572968,-1219,-27819
add-none,4,1000000,8000000, 151424457,18,-455230
add-yield-none,1,100,200, 31697679,158488,0
add-yield-none,1,1000,2000, 41676887,20838,0
add-yield-none,1,10000,20000, 172317232,8615,0
add-yield-none,1,100000,200000, 38778586,193,0
add-yield-none,1,1000000,2000000, -633773043,-316,0
add-yield-none,2,100,400, 34018880,85047,0
add-yield-none,2,1000,4000, 45455418,11363,0
add-yield-none,2,10000,40000, 106945005,2673,0
add-yield-none,2,100000,400000, -238496361,-596,46
add-yield-none,2,1000000,4000000, 485988152,121,-394780
add-yield-none,4,100,800, 39830642,49788,0
add-yield-none,4,1000,8000, -962016700,-120252,0
add-yield-none,4,10000,80000, 151895341,1898,-193
add-yield-none,4,100000,800000, 396131780,495,-13403
add-yield-none,4,1000000,8000000, -620933916,-77,-187015
add-yield-m,2,10000,40000, 171535465,4288,0
add-yield-m,4,10000,80000, 276852066,3460,0
add-yield-m,8,10000,160000, 9413587,58,0
add-yield-m,12,10000,240000, -158633961,-660,0
add-yield-c,2,10000,40000, 31663598,791,0
add-yield-c,4,10000,80000, 21911914,273,0
add-yield-c,8,10000,160000, 44724315,279,0
add-yield-c,12,10000,240000, 65308186,272,0
add-yield-s,2,10000,40000, 18559119,463,0
add-yield-s,4,10000,80000, 31482629,393,0
add-yield-s,8,1000,16000, 24050904,1503,0
add-yield-s,12,1000,24000, 35793822,1491,0
add-m,1,10000,20000, 42460725,2123,0
add-m,2,10000,40000, 45694851,1142,0
add-m,4,10000,80000, 53143122,664,0
add-m,8,10000,160000, 82323658,514,0
add-m,12,10000,240000, 133831515,557,0
add-c,1,10000,20000, 10701670,535,0
add-c,2,10000,40000, 20533901,513,0
add-c,4,10000,80000, 41577158,519,0
add-c,8,10000,160000, 44558785,278,0
add-c,12,10000,240000, 68715905,286,0
add-s,1,10000,20000, 19186273,959,0
add-s,2,10000,40000, 22081995,552,0
add-s,4,10000,80000, 18841798,235,0
add-s,8,10000,160000, 43475485,271,0
add-s,12,10000,240000, 40540574,168,0
add-none,2,100,400, 128449,321,0
add-none,2,1000,4000, 154477,38,-163
add-none,2,10000,40000, 793268,19,-2022
add-none,2,100000,400000, 6211472,15,-1009
add-none,4,100,800, 151001,188,0
add-none,4,1000,8000, 238405,29,67
add-none,4,10000,80000, 1560010,19,-1300
add-none,4,100000,800000, 14197022,17,-40059
add-none,8,100,1600, 296359,185,0
add-none,8,1000,16000, 442655,27,-350
add-none,8,10000,160000, 3195221,19,-1827
add-none,8,100000,1600000, 30009888,18,-74740
add-none,12,100,2400, 394642,164,0
add-none,12,1000,24000, 539393,22,433
add-none,12,10000,240000, 4537871,18,-3872
add-none,12,100000,2400000, -957861827,-399,-33522
add-yield-none,2,10,40, 113883,2847,0
add-yield-none,4,10,80, 174207,2177,0
add-yield-none,8,10,160, 296525,1853,0
add-yield-none,12,10,240, 346720,1444,0
add-yield-none,2,20,80, 122417,1530,0
add-yield-none,4,20,160, 156041,975,6
add-yield-none,8,20,320, 271100,847,6
add-yield-none,12,20,480, 392295,817,7
add-yield-none,2,40,160, 135054,844,35
add-yield-none,4,40,320, 187067,584,103
add-yield-none,8,40,640, 382960,598,100
add-yield-none,12,40,960, 456101,475,197
add-yield-none,2,80,320, 193828,605,38
add-yield-none,4,80,640, 255123,398,111
add-yield-none,8,80,1280, 401809,313,117
add-yield-none,12,80,1920, 506440,263,96
add-yield-none,2,100,400, 224564,561,-30
add-yield-none,4,100,800, 259333,324,108
add-yield-none,8,100,1600, 371209,232,147
add-yield-none,12,100,2400, 492580,205,88
add-yield-none,2,1000,4000, 1036638,259,-33
add-yield-none,4,1000,8000, 1204873,150,117
add-yield-none,8,1000,16000, 1336819,83,280
add-yield-none,12,1000,24000, 1857899,77,167
add-yield-none,2,10000,40000, 10471744,261,48
add-yield-none,4,10000,80000, 11195142,139,-23
add-yield-none,8,10000,160000, 11035667,68,46
add-yield-none,12,10000,240000, 15761865,65,-530
add-yield-none,2,100000,400000, 83084074,207,-141
add-yield-none,4,100000,800000, 89892353,112,-43338
add-yield-none,8,100000,1600000, 111532909,69,-1436
add-yield-none,12,100000,2400000, 126422349,52,-8276
add-none,1,100,200, 102963,514,0
add-none,1,1000,2000, 107051,53,0
add-none,1,10000,20000, 254600,12,0
add-none,1,100000,200000, 1759011,8,0
add-none,1,1000000,2000000, 16715711,8,0
add-none,2,100,400, 134205,335,0
add-none,2,1000,4000, 153240,38,0
add-none,2,10000,40000, 867562,21,-3162
add-none,2,100000,400000, 5917231,14,-8107
add-none,2,1000000,4000000, 69847684,17,-207514
add-none,4,100,800, 213605,267,0
add-none,4,1000,8000, 202313,25,293
add-none,4,10000,80000, 1349340,16,-8029
add-none,4,100000,800000, 15022990,18,-18010
add-none,4,1000000,8000000, 124914396,15,-28026
add-yield-none,1,100,200, 148583,742,0
add-yield-none,1,1000,2000, 563482,281,0
add-yield-none,1,10000,20000, 4713827,235,0
add-yield-none,1,100000,200000, 56031217,280,0
add-none,2,100,400, 110111,275,0
add-none,2,1000,4000, 128854,32,67
add-none,2,10000,40000, 602490,15,-9032
add-none,2,100000,400000, 7754422,19,-8901
add-none,4,100,800, 162283,202,0
add-none,4,1000,8000, 224786,28,-15
add-none,4,10000,80000, 1570961,19,-293
add-none,4,100000,800000, 14834356,18,-18691
add-none,8,100,1600, 303142,189,0
add-none,8,1000,16000, 409292,25,879
add-none,8,10000,160000, 3000775,18,-4948
add-none,8,100000,1600000, 28322216,17,-15676
add-none,12,100,2400, 440599,183,0
add-none,12,1000,24000, 598388,24,-956
add-none,12,10000,240000, 4494135,18,-5076
add-none,12,100000,2400000, 44031058,18,-75392
add-yield-none,2,10,40, 132519,3312,0
add-yield-none,4,10,80, 176134,2201,0
add-yield-none,8,10,160, 310301,1939,0
add-yield-none,12,10,240, 432128,1800,0
add-yield-none,2,20,80, 141253,1765,2
add-yield-none,4,20,160, 201929,1262,0
add-yield-none,8,20,320, 361099,1128,18
add-yield-none,12,20,480, 484497,1009,8
add-yield-none,2,40,160, 183760,1148,0
add-yield-none,4,40,320, 220447,688,43
add-yield-none,8,40,640, 343412,536,112
add-yield-none,12,40,960, 472509,492,147
add-yield-none,2,80,320, 194825,608,39
add-yield-none,4,80,640, 244762,382,26
add-yield-none,8,80,1280, 365214,285,220
add-yield-none,12,80,1920, 467757,243,227
add-yield-none,2,100,400, 199314,498,51
add-yield-none,4,100,800, 263071,328,-56
add-yield-none,8,100,1600, 356340,222,175
add-yield-none,12,100,2400, 429813,179,192
add-yield-none,2,1000,4000, 973145,243,-6
add-yield-none,4,1000,8000, 1135055,141,105
add-yield-none,8,1000,16000, 1370086,85,-260
add-yield-none,12,1000,24000, 1846285,76,86
add-yield-none,2,10000,40000, 8804925,220,-50
add-yield-none,4,10000,80000, 10627031,132,-1561
add-yield-none,8,10000,160000, 11628860,72,248
add-yield-none,12,10000,240000, 15064287,62,-616
add-yield-none,2,100000,400000, 78534162,196,-827
add-yield-none,4,100000,800000, -895848387,-1119,-2522
add-yield-none,8,100000,1600000, 110749798,69,-5518
add-yield-none,12,100000,2400000, 139032987,57,-13139
add-none,1,100,200, 98082,490,0
add-none,1,1000,2000, 796953,398,0
add-none,1,10000,20000, 267633,13,0
add-none,1,100000,200000, 1814330,9,0
add-none,1,1000000,2000000, 16812841,8,0
add-none,2,100,400, 105918,264,0
add-none,2,1000,4000, 130297,32,-157
add-none,2,10000,40000, 624945,15,34
add-none,2,100000,400000, 6485048,16,-11762
add-none,2,1000000,4000000, 48340915,12,-841876
add-none,4,100,800, 155445,194,0
add-none,4,1000,8000, 231497,28,-342
add-none,4,10000,80000, 1343093,16,-6502
add-none,4,100000,800000, 12749980,15,-7600
add-none,4,1000000,8000000, 119293097,14,-351291
add-yield-none,1,100,200, 142389,711,0
add-yield-none,1,1000,2000, 550112,275,0
add-yield-none,1,10000,20000, 4718795,235,0
add-yield-none,1,100000,200000, 55485478,277,0
add-yield-none,1,1000000,2000000, -532145473,-266,0
add-yield-none,2,100,400, 845948,2114,0
add-yield-none,2,1000,4000, 988343,247,34
add-yield-none,2,10000,40000, 8753082,218,39
add-yield-none,2,100000,400000, 87324338,218,188
add-yield-none,2,1000000,4000000, 666137044,166,-119513
add-yield-none,4,100,800, 246352,307,119
add-yield-none,4,1000,8000, 1193564,149,121
add-yield-none,4,10000,80000, 10793951,134,-395
add-yield-none,4,100000,800000, 101813023,127,-269
add-yield-none,4,1000000,8000000, -172579807,-21,-84104
add-yield-m,2,10000,40000, 36080805,902,0
add-yield-m,4,10000,80000, 72777950,909,0
add-yield-m,8,10000,160000, -800717549,-5004,0
add-yield-m,12,10000,240000, 352721969,1469,0
add-yield-c,2,10000,40000, 2284379,57,0
add-yield-c,4,10000,80000, 6857292,85,0
add-yield-c,8,10000,160000, 15221749,95,0
add-yield-c,12,10000,240000, 22547888,93,0
add-yield-s,2,10000,40000, 1748302,43,0
add-yield-s,4,10000,80000, 3462156,43,0
add-yield-s,8,1000,16000, 831435,51,0
add-yield-s,12,1000,24000, 1190567,49,0
add-m,1,10000,20000, 791694,39,0
add-m,2,10000,40000, 5513831,137,0
add-m,4,10000,80000, 13859750,173,0
add-m,8,10000,160000, 33082056,206,0
add-m,12,10000,240000, 48840760,203,0
add-c,1,10000,20000, 455449,22,0
add-c,2,10000,40000, 2746262,68,0
add-c,4,10000,80000, 6408963,80,0
add-c,8,10000,160000, 16392192,102,0
add-c,12,10000,240000, 25881503,107,0
add-s,1,10000,20000, 428426,21,0
add-s,2,10000,40000, 1752356,43,0
add-s,4,10000,80000, 3868175,48,0
add-s,8,10000,160000, 7581678,47,0
add-s,12,10000,240000, 10595912,44,0
add-none,2,100,400, 115340,288,0
add-none,2,1000,4000, 139087,34,-55
add-none,2,10000,40000, 727841,18,-43
add-none,2,100000,400000, 6607047,16,-10823
add-none,4,100,800, 191518,239,0
add-none,4,1000,8000, 237012,29,83
add-none,4,10000,80000, 1592524,19,-543
add-none,4,100000,800000, 16332948,20,-23030
add-none,8,100,1600, 305030,190,0
add-none,8,1000,16000, 426087,26,1077
add-none,8,10000,160000, 3086775,19,-2210
add-none,8,100000,1600000, 29341960,18,-68816
add-none,12,100,2400, 398176,165,0
add-none,12,1000,24000, 546275,22,283
add-none,12,10000,240000, 4404139,18,-10193
add-none,12,100000,2400000, 42996541,17,-87343
add-yield-none,2,10,40, 116124,2903,0
add-yield-none,4,10,80, 863119,10788,0
add-yield-none,8,10,160, 342409,2140,0
add-yield-none,12,10,240, 420100,1750,0
add-yield-none,2,20,80, 119072,1488,10
add-yield-none,4,20,160, 160006,1000,2
add-yield-none,8,20,320, 272004,850,1
add-yield-none,12,20,480, 353341,736,8
add-yield-none,2,40,160, 145835,911,37
add-yield-none,4,40,320, 186193,581,95
add-yield-none,8,40,640, 290451,453,112
add-yield-none,12,40,960, 370257,385,80
add-yield-none,2,80,320, 170446,532,36
add-yield-none,4,80,640, 218584,341,120
add-yield-none,8,80,1280, 301297,235,283
add-yield-none,12,80,1920, 415172,216,340
add-yield-none,2,100,400, 188821,472,42
add-yield-none,4,100,800, 221802,277,76
add-yield-none,8,100,1600, 328563,205,205
add-yield-none,12,100,2400, 459678,191,338
add-yield-none,2,1000,4000, 964277,241,30
add-yield-none,4,1000,8000, 1006006,125,118
add-yield-none,8,1000,16000, 1320426,82,266
add-yield-none,12,1000,24000, 1717783,71,289
add-yield-none,2,10000,40000, 8767989,219,82
add-yield-none,4,10000,80000, 9234483,115,121
add-yield-none,8,10000,160000, 12443112,77,477
add-yield-none,12,10000,240000, 13364414,55,241
add-yield-none,2,100000,400000, 56542331,141,-402
add-yield-none,4,100000,800000, 97731448,122,-2868
add-yield-none,8,100000,1600000, 112894693,70,-2914
add-yield-none,12,100000,2400000, 146788725,61,-14623
add-none,1,100,200, 123057,615,0
add-none,1,1000,2000, 137725,68,0
add-none,1,10000,20000, 285158,14,0
add-none,1,100000,200000, 2343660,11,0
add-none,1,1000000,2000000, 16750949,8,0
add-none,2,100,400, 123233,308,0
add-none,2,1000,4000, 138748,34,-92
add-none,2,10000,40000, 601921,15,-9265
add-none,2,100000,400000, 6244307,15,-69742
add-none,2,1000000,4000000, 56282257,14,-566365
add-none,4,100,800, 147457,184,49
add-none,4,1000,8000, 168655,21,-86
add-none,4,10000,80000, 1140723,14,-7320
add-none,4,100000,800000, -988638001,-1235,-54220
add-none,4,1000000,8000000, 96182203,12,-536056
add-yield-none,1,100,200, 137022,685,0
add-yield-none,1,1000,2000, 565763,282,0
add-yield-none,1,10000,20000, 4745035,237,0
add-yield-none,1,100000,200000, 46226400,231,0
add-yield-none,1,1000000,2000000, 467690512,233,0
add-yield-none,2,100,400, 218322,545,43
add-yield-none,2,1000,4000, 1006414,251,37
add-yield-none,2,10000,40000, 10337573,258,-63
add-yield-none,2,100000,400000, 58031201,145,-27172
add-yield-none,2,1000000,4000000, -353311883,-88,61078
add-yield-none,4,100,800, 264481,330,102
add-yield-none,4,1000,8000, 1190356,148,53
add-yield-none,4,10000,80000, 10629572,132,-5062
add-yield-none,4,100000,800000, 92351516,115,958
add-yield-none,4,1000000,8000000, -133343571,-16,-127372
add-yield-m,2,10000,40000, 40194662,1004,0
add-yield-m,4,10000,80000, 71597876,894,0
add-yield-m,8,10000,160000, 195042038,1219,0
add-yield-m,12,10000,240000, 329125399,1371,0
add-yield-c,2,10000,40000, 2913638,72,0
add-yield-c,4,10000,80000, 5594169,69,0
add-yield-c,8,10000,160000, -984720143,-6154,0
add-yield-c,12,10000,240000, 22887807,95,0
add-yield-s,2,10000,40000, 1975073,49,0
add-yield-s,4,10000,80000, 3499246,43,0
add-yield-s,8,1000,16000, 783080,48,0
add-yield-s,12,1000,24000, 1244834,51,0
add-m,1,10000,20000, 713686,35,0
add-m,2,10000,40000, 4711226,117,0
add-m,4,10000,80000, 13956450,174,0
add-m,8,10000,160000, 33346286,208,0
add-m,12,10000,240000, 48050493,200,0
add-c,1,10000,20000, 461388,23,0
add-c,2,10000,40000, 3869318,96,0
add-c,4,10000,80000, 7872488,98,0
add-c,8,10000,160000, 13634949,85,0
add-c,12,10000,240000, 21271622,88,0
add-s,1,10000,20000, 569920,28,0
add-s,2,10000,40000, 1951629,48,0
add-s,4,10000,80000, 3748699,46,0
add-s,8,10000,160000, 7124262,44,0
add-s,12,10000,240000, 10455850,43,0
add-none,2,100,400, 115433,288,0
add-none,2,1000,4000, 138747,34,-114
add-none,2,10000,40000, 575586,14,-9075
add-none,2,100000,400000, 5362309,13,-80996
add-none,4,100,800, 168824,211,0
add-none,4,1000,8000, 209113,26,-89
add-none,4,10000,80000, 1300313,16,-11287
add-none,4,100000,800000, 12418337,15,-81399
add-none,8,100,1600, 299476,187,0
add-none,8,1000,16000, 396500,24,-445
add-none,8,10000,160000, 3103326,19,-5619
add-none,8,100000,1600000, 25653465,16,-40380
add-none,12,100,2400, 388380,161,0
add-none,12,1000,24000, 524757,21,162
add-none,12,10000,240000, 4468720,18,-10373
add-none,12,100000,2400000, 44799998,18,-79536
add-yield-none,2,10,40, 108912,2722,0
add-yield-none,4,10,80, 160582,2007,0
add-yield-none,8,10,160, 266499,1665,0
add-yield-none,12,10,240, 345744,1440,0
add-yield-none,2,20,80, 119943,1499,0
add-yield-none,4,20,160, 170619,1066,8
add-yield-none,8,20,320, 283490,885,4
add-yield-none,12,20,480, 386509,805,11
add-yield-none,2,40,160, 132053,825,34
add-yield-none,4,40,320, 199433,623,33
add-yield-none,8,40,640, 300490,469,177
add-yield-none,12,40,960, 419535,437,270
add-yield-none,2,80,320, 167069,522,30
add-yield-none,4,80,640, 225109,351,45
add-yield-none,8,80,1280, 352243,275,177
add-yield-none,12,80,1920, 467178,243,242
add-yield-none,2,100,400, 201993,504,-11
add-yield-none,4,100,800, 282546,353,136
add-yield-none,8,100,1600, 422670,264,296
add-yield-none,12,100,2400, 484356,201,253
add-yield-none,2,1000,4000, 1125373,281,-43
add-yield-none,4,1000,8000, 1173056,146,51
add-yield-none,8,1000,16000, 1385702,86,-145
add-yield-none,12,1000,24000, 1810177,75,358
add-yield-none,2,10000,40000, 8645474,216,-10
add-yield-none,4,10000,80000, 10598672,132,126
add-yield-none,8,10000,160000, 11903157,74,111
add-yield-none,12,10000,240000, 18984654,79,117
add-yield-none,2,100000,400000, 86997170,217,-620
add-yield-none,4,100000,800000, -897943046,-1122,110
add-yield-none,8,100000,1600000, 119912506,74,-17479
add-yield-none,12,100000,2400000, 159466529,66,-18821
add-none,1,100,200, 97374,486,0
add-none,1,1000,2000, 106092,53,0
add-none,1,10000,20000, 255183,12,0
add-none,1,100000,200000, 1756762,8,0
add-none,1,1000000,2000000, 16736573,8,0
add-none,2,100,400, 108200,270,0
add-none,2,1000,4000, 133495,33,-169
add-none,2,10000,40000, 630097,15,-7006
add-none,2,100000,400000, 6341553,15,-68697
add-none,2,1000000,4000000, 57621079,14,-641792
add-none,4,100,800, 152627,190,0
add-none,4,1000,8000, 211936,26,-211
add-none,4,10000,80000, 1363736,17,-10234
add-none,4,100000,800000, 13019481,16,-68439
add-none,4,1000000,8000000, 135410710,16,-238549
add-yield-none,1,100,200, 157829,789,0
add-yield-none,1,1000,2000, 559144,279,0
add-yield-none,1,10000,20000, 4717831,235,0
add-yield-none,1,100000,200000, 46499317,232,0
add-yield-none,1,1000000,2000000, -520536192,-260,0
add-yield-none,2,100,400, 196794,491,36
add-yield-none,2,1000,4000, 952821,238,35
add-yield-none,2,10000,40000, 8623312,215,-50
add-yield-none,2,100000,400000, 72407212,181,-71
add-yield-none,2,1000000,4000000, 571925021,142,-39454
add-yield-none,4,100,800, 203054,253,66
add-yield-none,4,1000,8000, 976643,122,36
add-yield-none,4,10000,80000, 9783215,122,-1595
add-yield-none,4,100000,800000, 99728530,124,32
add-yield-none,4,1000000,8000000, -257817069,-32,-284748
add-yield-m,2,10000,40000, 21379721,534,0
add-yield-m,4,10000,80000, 63245626,790,0
add-yield-m,8,10000,160000, 161498448,1009,0
add-yield-m,12,10000,240000, -649309741,-2705,0
add-yield-c,2,10000,40000, 2276622,56,0
add-yield-c,4,10000,80000, 10081121,126,0
add-yield-c,8,10000,160000, 18818656,117,0
add-yield-c,12,10000,240000, 21067301,87,0
add-yield-s,2,10000,40000, 1876195,46,0
add-yield-s,4,10000,80000, 3462431,43,0
add-yield-s,8,1000,16000, 822278,51,0
add-yield-s,12,1000,24000, 1101801,45,0
add-m,1,10000,20000, 714257,35,0
add-m,2,10000,40000, 7714461,192,0
add-m,4,10000,80000, 13103537,163,0
add-m,8,10000,160000, 32902435,205,0
add-m,12,10000,240000, 49026099,204,0
add-c,1,10000,20000, 455215,22,0
add-c,2,10000,40000, 2549094,63,0
add-c,4,10000,80000, 9129075,114,0
add-c,8,10000,160000, 16043381,100,0
add-c,12,10000,240000, 25189978,104,0
add-s,1,10000,20000, 581610,29,0
add-s,2,10000,40000, 2028844,50,0
add-s,4,10000,80000, 4196769,52,0
add-s,8,10000,160000, 7776041,48,0
add-s,12,10000,240000, 10237918,42,0
add-none,2,100,400, 132994,332,0
add-none,2,1000,4000, 150830,37,-125
add-none,2,10000,40000, 691027,17,-1852
add-none,2,100000,400000, 6955180,17,-30951
add-none,4,100,800, 163647,204,0
add-none,4,1000,8000, 420056,52,196
add-none,4,10000,80000, 1489599,18,-5644
add-none,4,100000,800000, 13549662,16,-87197
add-none,8,100,1600, 349743,218,0
add-none,8,1000,16000, 320796,20,-129
add-none,8,10000,160000, 2860852,17,-8591
add-none,8,100000,1600000, 29957086,18,-41476
add-none,12,100,2400, 438204,182,0
add-none,12,1000,24000, 476950,19,139
add-none,12,10000,240000, 4463390,18,-5790
add-none,12,100000,2400000, 43431163,18,-80206
add-yield-none,2,10,40, 112250,2806,0
add-yield-none,4,10,80, 161153,2014,0
add-yield-none,8,10,160, 262493,1640,0
add-yield-none,12,10,240, 342090,1425,0
add-yield-none,2,20,80, 102123,1276,12
add-yield-none,4,20,160, 203885,1274,0
add-yield-none,8,20,320, 286132,894,3
add-yield-none,12,20,480, 380691,793,0
add-yield-none,2,40,160, 127045,794,0
add-yield-none,4,40,320, 166331,519,35
add-yield-none,8,40,640, 346286,541,125
add-yield-none,12,40,960, 405402,422,78
add-yield-none,2,80,320, 145548,454,-48
add-yield-none,4,80,640, 209023,326,46
add-yield-none,8,80,1280, 317280,247,217
add-yield-none,12,80,1920, 519297,270,175
add-yield-none,2,100,400, 151972,379,42
add-yield-none,4,100,800, 230764,288,84
add-yield-none,8,100,1600, 332874,208,78
add-yield-none,12,100,2400, 412214,171,444
add-yield-none,2,1000,4000, 664982,166,42
add-yield-none,4,1000,8000, 1082648,135,97
add-yield-none,8,1000,16000, 1360709,85,350
add-yield-none,12,1000,24000, 1734474,72,458
add-yield-none,2,10000,40000, 8810786,220,-40
add-yield-none,4,10000,80000, 10788571,134,-76
add-yield-none,8,10000,160000, 12554044,78,-2295
add-yield-none,12,10000,240000, 15962863,66,132
add-yield-none,2,100000,400000, 53954082,134,-24661
add-yield-none,4,100000,800000, 98998483,123,-39720
add-yield-none,8,100000,1600000, 111572638,69,-5258
add-yield-none,12,100000,2400000, 142858050,59,-12417
add-none,1,100,200, 122590,612,0
add-none,1,1000,2000, 139961,69,0
add-none,1,10000,20000, 313870,15,0
add-none,1,100000,200000, 1758318,8,0
add-none,1,1000000,2000000, 20639331,10,0
add-none,2,100,400, 125395,313,0
add-none,2,1000,4000, 144794,36,-212
add-none,2,10000,40000, 696431,17,-332
add-none,2,100000,400000, 6141431,15,-3046
add-none,2,1000000,4000000, 57076829,14,-115617
add-none,4,100,800, 178563,223,0
add-none,4,1000,8000, 211128,26,723
add-none,4,10000,80000, 1581259,19,-8449
add-none,4,100000,800000, -987100531,-1233,-73609
add-none,4,1000000,8000000, 128289127,16,-245082
add-yield-none,1,100,200, 194054,970,0
add-yield-none,1,1000,2000, 954986,477,0
add-yield-none,1,10000,20000, 4719716,235,0
add-yield-none,1,100000,200000, 61878716,309,0
add-yield-none,1,1000000,2000000, 571954667,285,0
add-yield-none,2,100,400, 169532,423,2
add-yield-none,2,1000,4000, 628823,157,40
add-yield-none,2,10000,40000, 5294068,132,61
add-yield-none,2,100000,400000, 50972246,127,-2264
add-yield-none,2,1000000,4000000, -337108457,-84,-61904
add-yield-none,4,100,800, 284801,356,9
add-yield-none,4,1000,8000, 1261648,157,-232
add-yield-none,4,10000,80000, 10469326,130,-83
add-yield-none,4,100000,800000, 100805031,126,-596
add-yield-none,4,1000000,8000000, -189774673,-23,-130297
add-yield-m,2,10000,40000, 33195893,829,0
add-yield-m,4,10000,80000, 69795769,872,0
add-yield-m,8,10000,160000, 188372388,1177,0
add-yield-m,12,10000,240000, -666083000,-2775,0
add-yield-c,2,10000,40000, 2342678,58,0
add-yield-c,4,10000,80000, 6176126,77,0
add-yield-c,8,10000,160000, 14228893,88,0
add-yield-c,12,10000,240000, 26326386,109,0
add-yield-s,2,10000,40000, 1932005,48,0
add-yield-s,4,10000,80000, 3953194,49,0
add-yield-s,8,1000,16000, 760671,47,0
add-yield-s,12,1000,24000, 1262606,52,0
add-m,1,10000,20000, 718519,35,0
add-m,2,10000,40000, 4525663,113,0
add-m,4,10000,80000, 12223958,152,0
add-m,8,10000,160000, 32186653,201,0
add-m,12,10000,240000, 47632338,198,0
add-c,1,10000,20000, 452906,22,0
add-c,2,10000,40000, 3740154,93,0
add-c,4,10000,80000, 6713342,83,0
add-c,8,10000,160000, 14507025,90,0
add-c,12,10000,240000, 24033339,100,0
add-s,1,10000,20000, 418206,20,0
add-s,2,10000,40000, 2067415,51,0
add-s,4,10000,80000, 3770688,47,0
add-s,8,10000,160000, 6982636,43,0
add-s,12,10000,240000, 10399090,43,0
add-none,2,100,400, 111131,277,0
add-none,2,1000,4000, 128775,32,-177
add-none,2,10000,40000, 612539,15,-5806
add-none,2,100000,400000, 6202504,15,-64908
add-none,4,100,800, 168099,210,0
add-none,4,1000,8000, 214592,26,270
add-none,4,10000,80000, 1419431,17,-8965
add-none,4,100000,800000, 13830991,17,-50248
add-none,8,100,1600, 264613,165,0
add-none,8,1000,16000, 417918,26,412
add-none,8,10000,160000, 3145368,19,-11292
add-none,8,100000,1600000, 26961303,16,-80872
add-none,12,100,2400, 370733,154,0
add-none,12,1000,24000, 462370,19,827
add-none,12,10000,240000, 3901566,16,-718
add-none,12,100000,2400000, 37262472,15,-56117
add-yield-none,2,10,40, 109725,2743,0
add-yield-none,4,10,80, 178560,2232,0
add-yield-none,8,10,160, 271975,1699,0
add-yield-none,12,10,240, 375038,1562,9
add-yield-none,2,20,80, 117486,1468,6
add-yield-none,4,20,160, 178320,1114,17
add-yield-none,8,20,320, 286801,896,5
add-yield-none,12,20,480, 388710,809,11
add-yield-none,2,40,160, 152134,950,14
add-yield-none,4,40,320, 186246,582,36
add-yield-none,8,40,640, 329292,514,81
add-yield-none,12,40,960, 404827,421,116
add-yield-none,2,80,320, 169490,529,34
add-yield-none,4,80,640, 226222,353,54
add-yield-none,8,80,1280, 321827,251,145
add-yield-none,12,80,1920, 443662,231,175
add-yield-none,2,100,400, 184747,461,32
add-yield-none,4,100,800, 233098,291,120
add-yield-none,8,100,1600, 320229,200,59
add-yield-none,12,100,2400, 435376,181,367
add-yield-none,2,1000,4000, 589271,147,-39
add-yield-none,4,1000,8000, 1242449,155,-371
add-yield-none,8,1000,16000, 1339564,83,265
add-yield-none,12,1000,24000, 1517795,63,326
add-yield-none,2,10000,40000, 5098476,127,14
add-yield-none,4,10000,80000, 8774574,109,-102
add-yield-none,8,10000,160000, 11406118,71,-6438
add-yield-none,12,10000,240000, 13382036,55,174
add-yield-none,2,100000,400000, 70059669,175,-12968
add-yield-none,4,100000,800000, 98525290,123,-11623
add-yield-none,8,100000,1600000, 113298111,70,-1580
add-yield-none,12,100000,2400000, 144817204,60,-13965
add-none,1,100,200, 100477,502,0
add-none,1,1000,2000, 106324,53,0
add-none,1,10000,20000, 284938,14,0
add-none,1,100000,200000, 1788881,8,0
add-none,1,1000000,2000000, 16749173,8,0
add-none,2,100,400, 108316,270,0
add-none,2,1000,4000, 162028,40,-89
add-none,2,10000,40000, 875081,21,-54
add-none,2,100000,400000, 4902215,12,-65913
add-none,2,1000000,4000000, 59447415,14,-230303
add-none,4,100,800, 163857,204,0
add-none,4,1000,8000, 216003,27,70
add-none,4,10000,80000, 1412660,17,-4333
add-none,4,100000,800000, 11216277,14,-40196
add-none,4,1000000,8000000, 126748656,15,-443831
add-yield-none,1,100,200, 157127,785,0
add-yield-none,1,1000,2000, 549212,274,0
add-yield-none,1,10000,20000, 4789690,239,0
add-yield-none,1,100000,200000, 55619988,278,0
add-yield-none,1,1000000,2000000, -465542163,-232,0
add-yield-none,2,100,400, 203553,508,44
add-yield-none,2,1000,4000, 1062434,265,43
add-yield-none,2,10000,40000, 8632481,215,-52
add-yield-none,2,100000,400000, 86612328,216,-61
add-yield-none,2,1000000,4000000, -316181536,-79,-297616
add-yield-none,4,100,800, 241599,301,119
add-yield-none,4,1000,8000, 1183470,147,113
add-yield-none,4,10000,80000, 10833640,135,90
add-yield-none,4,100000,800000, 99160494,123,4
add-yield-none,4,1000000,8000000, -50056012,-6,-21413
add-yield-m,2,10000,40000, 36005775,900,0
add-yield-m,4,10000,80000, 81936496,1024,0
add-yield-m,8,10000,160000, 200944763,1255,0
add-yield-m,12,10000,240000, -651705823,-2715,0
add-yield-c,2,10000,40000, 1920356,48,0
add-yield-c,4,10000,80000, 7954755,99,0
add-yield-c,8,10000,160000, 13804806,86,0
add-yield-c,12,10000,240000, 22562900,94,0
add-yield-s,2,10000,40000, 2024081,50,0
add-yield-s,4,10000,80000, 3818105,47,0
add-yield-s,8,1000,16000, 837296,52,0
add-yield-s,12,1000,24000, 1156062,48,0
add-m,1,10000,20000, 725506,36,0
add-m,2,10000,40000, 5723195,143,0
add-m,4,10000,80000, 13381394,167,0
add-m,8,10000,160000, 32781310,204,0
add-m,12,10000,240000, 50791575,211,0
add-c,1,10000,20000, 457515,22,0
add-c,2,10000,40000, 2574856,64,0
add-c,4,10000,80000, 6965757,87,0
add-c,8,10000,160000, 14087599,88,0
add-c,12,10000,240000, 25895667,107,0
add-s,1,10000,20000, 429942,21,0
add-s,2,10000,40000, 2163216,54,0
add-s,4,10000,80000, 2954559,36,0
add-s,8,10000,160000, 7334657,45,0
add-s,12,10000,240000, 11149369,46,0
add-none,2,100,400, 143313,358,0
add-none,2,1000,4000, 164819,41,0
add-none,2,10000,40000, 883037,22,-1829
add-none,2,100000,400000, 7820408,19,-41502
add-none,4,100,800, 199424,249,0
add-none,4,1000,8000, 243688,30,-309
add-none,4,10000,80000, 1668870,20,-5666
add-none,4,100000,800000, 15468409,19,-29044
add-none,8,100,1600, 333354,208,0
add-none,8,1000,16000, 362240,22,-41
add-none,8,10000,160000, 3110139,19,-1103
add-none,8,100000,1600000, 32228219,20,-29694
add-none,12,100,2400, 386567,161,0
add-none,12,1000,24000, 619143,25,-300
add-none,12,10000,240000, 4539040,18,1537
add-none,12,100000,2400000, -956592814,-398,-73506
add-yield-none,2,10,40, 182448,4561,0
add-yield-none,4,10,80, 241443,3018,0
add-yield-none,8,10,160, 408237,2551,0
add-yield-none,12,10,240, 572037,2383,0
add-yield-none,2,20,80, 164836,2060,2
add-yield-none,4,20,160, 246548,1540,0
add-yield-none,8,20,320, 462439,1445,0
add-yield-none,12,20,480, 477302,994,0
add-yield-none,2,40,160, 164539,1028,37
add-yield-none,4,40,320, 204936,640,41
add-yield-none,8,40,640, 308294,481,15
add-yield-none,12,40,960, 435205,453,100
add-yield-none,2,80,320, 204805,640,-46
add-yield-none,4,80,640, 236111,368,111
add-yield-none,8,80,1280, 359535,280,144
add-yield-none,12,80,1920, 510903,266,376
add-yield-none,2,100,400, 238510,596,-48
add-yield-none,4,100,800, 267905,334,42
add-yield-none,8,100,1600, 392494,245,121
add-yield-none,12,100,2400, 1514491,631,278
add-yield-none,2,1000,4000, 980734,245,32
add-yield-none,4,1000,8000, 1215288,151,52
add-yield-none,8,1000,16000, 1389242,86,259
add-yield-none,12,1000,24000, 2596898,108,-238
add-yield-none,2,10000,40000, 10430775,260,-59
add-yield-none,4,10000,80000, 10535195,131,80
add-yield-none,8,10000,160000, 11142992,69,308
add-yield-none,12,10000,240000, 24750030,103,8603
add-yield-none,2,100000,400000, 95605885,239,-256
add-yield-none,4,100000,800000, 107654549,134,-8943
add-yield-none,8,100000,1600000, 111127860,69,-6423
add-yield-none,12,100000,2400000, 207763627,86,-2159
add-none,1,100,200, 111280,556,0
add-none,1,1000,2000, 153206,76,0
add-none,1,10000,20000, 318783,15,0
add-none,1,100000,200000, 2216294,11,0
add-none,1,1000000,2000000, 20714523,10,0
add-none,2,100,400, 132370,330,0
add-none,2,1000,4000, 162109,40,-165
add-none,2,10000,40000, 752019,18,-2265
add-none,2,100000,400000, 7284633,18,-20227
add-none,2,1000000,4000000, 73998802,18,-364921
add-none,4,100,800, 187537,234,0
add-none,4,1000,8000, 238700,29,9
add-none,4,10000,80000, 1680626,21,-2545
add-none,4,100000,800000, 14293949,17,-57027
add-none,4,1000000,8000000, 130842963,16,-127261
add-yield-none,1,100,200, 183137,915,0
add-yield-none,1,1000,2000, 599184,299,0
add-yield-none,1,10000,20000, 6075540,303,0
add-yield-none,1,100000,200000, -914847771,-4574,0
add-yield-none,1,1000000,2000000, 605213633,302,0
add-yield-none,2,100,400, 238204,595,2
add-yield-none,2,1000,4000, 969285,242,29
add-yield-none,2,10000,40000, 9590679,239,0
add-yield-none,2,100000,400000, 83290719,208,-16936
add-yield-none,2,1000000,4000000, -259093475,-64,-115992
add-yield-none,4,100,800, 283688,354,81
add-yield-none,4,1000,8000, 1196502,149,-2
add-yield-none,4,10000,80000, 10539152,131,-67
add-yield-none,4,100000,800000, 101786249,127,436
add-yield-none,4,1000000,8000000, -27816886,-3,-35467
add-yield-m,2,10000,40000, 30942149,773,0
add-yield-m,4,10000,80000, 107082842,1338,0
add-yield-m,8,10000,160000, 206094881,1288,0
add-yield-m,12,10000,240000, -643632194,-2681,0
add-yield-c,2,10000,40000, 1990232,49,0
add-yield-c,4,10000,80000, 6124296,76,0
add-yield-c,8,10000,160000, 11783371,73,0
add-yield-c,12,10000,240000, 22092527,92,0
add-yield-s,2,10000,40000, 1612195,40,0
add-yield-s,4,10000,80000, 3102534,38,0
add-yield-s,8,1000,16000, 859582,53,0
add-yield-s,12,1000,24000, 1181324,49,0
add-m,1,10000,20000, 788213,39,0
add-m,2,10000,40000, 3832384,95,0
add-m,4,10000,80000, 14296677,178,0
add-m,8,10000,160000, 33743033,210,0
add-m,12,10000,240000, 45526916,189,0
add-c,1,10000,20000, 525604,26,0
add-c,2,10000,40000, 1474880,36,0
add-c,4,10000,80000, 5777752,72,0
add-c,8,10000,160000, 12698674,79,0
add-c,12,10000,240000, 22533762,93,0
add-s,1,10000,20000, 450327,22,0
add-s,2,10000,40000, 1381279,34,0
add-s,4,10000,80000, 3702838,46,0
add-s,8,10000,160000, 7744381,48,0
add-s,12,10000,240000, 11636839,48,0
add-none,2,100,400, 146362,365,-79
add-none,2,1000,4000, 159666,39,2
add-none,2,10000,40000, 602807,15,-1774
add-none,2,100000,400000, 5228118,13,-34256
add-none,4,100,800, 199525,249,0
add-none,4,1000,8000, 202546,25,2
add-none,4,10000,80000, 1438119,17,-10401
add-none,4,100000,800000, 14388126,17,-73842
add-none,8,100,1600, 350784,219,15
add-none,8,1000,16000, 466530,29,-876
add-none,8,10000,160000, 2909052,18,-2544
add-none,8,100000,1600000, 28764238,17,-8849
add-none,12,100,2400, 437939,182,0
add-none,12,1000,24000, 671810,27,423
add-none,12,10000,240000, 4607207,19,-5775
add-none,12,100000,2400000, 43993727,18,-92168
add-yield-none,2,10,40, 130778,3269,0
add-yield-none,4,10,80, 178822,2235,8
add-yield-none,8,10,160, 287952,1799,9
add-yield-none,12,10,240, 430768,1794,-1
add-yield-none,2,20,80, 127609,1595,0
add-yield-none,4,20,160, 165936,1037,11
add-yield-none,8,20,320, 338350,1057,10
add-yield-none,12,20,480, 420885,876,0
add-yield-none,2,40,160, 141755,885,13
add-yield-none,4,40,320, 186839,583,41
add-yield-none,8,40,640, 338467,528,82
add-yield-none,12,40,960, 428016,445,129
add-yield-none,2,80,320, 171892,537,0
add-yield-none,4,80,640, 222672,347,71
add-yield-none,8,80,1280, 317727,248,142
add-yield-none,12,80,1920, 429381,223,252
add-yield-none,2,100,400, 202792,506,0
add-yield-none,4,100,800, 246861,308,82
add-yield-none,8,100,1600, 382751,239,111
add-yield-none,12,100,2400, 477243,198,133
add-yield-none,2,1000,4000, 1055500,263,-1
add-yield-none,4,1000,8000, 1191479,148,81
add-yield-none,8,1000,16000, 1373410,85,240
add-yield-none,12,1000,24000, 1744702,72,257
add-yield-none,2,10000,40000, 9694628,242,-241
add-yield-none,4,10000,80000, 10417585,130,124
add-yield-none,8,10000,160000, 11808031,73,-666
add-yield-none,12,10000,240000, 13095005,54,188
add-yield-none,2,100000,400000, 80123656,200,12
add-yield-none,4,100000,800000, 103013524,128,-2911
add-yield-none,8,100000,1600000, 113934481,71,-7063
add-yield-none,12,100000,2400000, -856967577,-357,-4779
add-none,1,100,200, 123150,615,0
add-none,1,1000,2000, 140122,70,0
add-none,1,10000,20000, 285426,14,0
add-none,1,100000,200000, 1958380,9,0
add-none,1,1000000,2000000, 20658962,10,0
add-none,2,100,400, 143479,358,0
add-none,2,1000,4000, 186790,46,-64
add-none,2,10000,40000, 840942,21,-4034
add-none,2,100000,400000, 7979783,19,-35680
add-none,2,1000000,4000000, 54423264,13,-480338
add-none,4,100,800, 153835,192,0
add-none,4,1000,8000, 230324,28,309
add-none,4,10000,80000, 1380714,17,-4641
add-none,4,100000,800000, 14495868,18,-73725
add-none,4,1000000,8000000, 135756648,16,-360363
add-yield-none,1,100,200, 150104,750,0
add-yield-none,1,1000,2000, 597169,298,0
add-yield-none,1,10000,20000, 8639378,431,0
add-yield-none,1,100000,200000, 75576962,377,0
add-yield-none,1,1000000,2000000, 517584706,258,0
add-yield-none,2,100,400, 232338,580,0
add-yield-none,2,1000,4000, 1081804,270,0
add-yield-none,2,10000,40000, 8735478,218,67
add-yield-none,2,100000,400000, -904575650,-2261,-40
add-yield-none,2,1000000,4000000, 698185083,174,-17984
add-yield-none,4,100,800, 268132,335,98
add-yield-none,4,1000,8000, 1203923,150,-131
add-yield-none,4,10000,80000, 10164320,127,14
add-yield-none,4,100000,800000, 98498496,123,-749
add-yield-none,4,1000000,8000000, -147745619,-18,-179281
add-yield-m,2,10000,40000, 35191580,879,0
add-yield-m,4,10000,80000, 89569053,1119,0
add-yield-m,8,10000,160000, -787448187,-4921,0
add-yield-m,12,10000,240000, 308649019,1286,0
add-yield-c,2,10000,40000, 1815800,45,0
add-yield-c,4,10000,80000, 5565518,69,0
add-yield-c,8,10000,160000, 12388282,77,0
add-yield-c,12,10000,240000, 21861249,91,0
add-yield-s,2,10000,40000, 2056580,51,0
add-yield-s,4,10000,80000, 3634717,45,0
add-yield-s,8,1000,16000, 812830,50,0
add-yield-s,12,1000,24000, 1265264,52,0
add-m,1,10000,20000, 802797,40,0
add-m,2,10000,40000, 4258049,106,0
add-m,4,10000,80000, 13301742,166,0
add-m,8,10000,160000, 31333094,195,0
add-m,12,10000,240000, 45342488,188,0
add-c,1,10000,20000, 514388,25,0
add-c,2,10000,40000, 1508919,37,0
add-c,4,10000,80000, 6010193,75,0
add-c,8,10000,160000, 14448817,90,0
add-c,12,10000,240000, 23007717,95,0
add-s,1,10000,20000, 444041,22,0
add-s,2,10000,40000, 1381562,34,0
add-s,4,10000,80000, 3389307,42,0
add-s,8,10000,160000, 7291290,45,0
add-s,12,10000,240000, 10025208,41,0
add-none,2,100,400, 22601234,56503,-17
add-none,2,1000,4000, 21580897,5395,0
add-none,2,10000,40000, 19192524,479,0
add-none,2,100000,400000, 24217394,60,0
add-none,4,100,800, 22465104,28081,3
add-none,4,1000,8000, 23196393,2899,-355
add-none,4,10000,80000, 23497028,293,-2777
add-none,4,100000,800000, 40533565,50,-44654
add-none,8,100,1600, 23565617,14728,49
add-none,8,1000,16000, 23565907,1472,-485
add-none,8,10000,160000, 23566336,147,-3248
add-none,8,100000,1600000, 56563341,35,-18718
add-none,12,100,2400, 22347800,9311,29
add-none,12,1000,24000, 22589217,941,-459
add-none,12,10000,240000, 23985235,99,-1823
add-none,12,100000,2400000, 69622096,29,-39721
add-yield-none,2,10,40, 33178936,829473,0
add-yield-none,4,10,80, 34438899,430486,0
add-yield-none,8,10,160, 49536080,309600,0
add-yield-none,12,10,240, 38573396,160722,0
add-yield-none,2,20,80, 35559539,444494,0
add-yield-none,4,20,160, 34527304,215795,0
add-yield-none,8,20,320, 36564869,114265,0
add-yield-none,12,20,480, 34593293,72069,0
add-yield-none,2,40,160, 34505525,215659,0
add-yield-none,4,40,320, 34516553,107864,0
add-yield-none,8,40,640, 33499619,52343,0
add-yield-none,12,40,960, 34571268,36011,0
add-yield-none,2,80,320, 51518649,160995,0
add-yield-none,4,80,640, -965470902,-1508548,0
add-yield-none,8,80,1280, 31552762,24650,0
add-yield-none,12,80,1920, 38574565,20090,0
add-yield-none,2,100,400, 36508352,91270,0
add-yield-none,4,100,800, 34523486,43154,0
add-yield-none,8,100,1600, 28548609,17842,0
add-yield-none,12,100,2400, 36548030,15228,0
add-yield-none,2,1000,4000, 34544037,8636,0
add-yield-none,4,1000,8000, 32482474,4060,0
add-yield-none,8,1000,16000, 44447151,2777,0
add-yield-none,12,1000,24000, 49524240,2063,0
add-yield-none,2,10000,40000, -890524512,-22263,0
add-yield-none,4,10000,80000, 131522268,1644,0
add-yield-none,8,10000,160000, 130548974,815,0
add-yield-none,12,10000,240000, 120565791,502,6761
add-yield-none,2,100000,400000, 307925516,769,101
add-yield-none,4,100000,800000, 292526831,365,28349
add-yield-none,8,100000,1600000, 395376067,247,-19250
add-yield-none,12,100000,2400000, -122854720,-51,-37115
add-none,1,100,200, 12513738,62568,0
add-none,1,1000,2000, 12526599,6263,0
add-none,1,10000,20000, 14538945,726,0
add-none,1,100000,200000, 14550894,72,0
add-none,1,1000000,2000000, -952703745,-476,0
add-none,2,100,400, 14381538,35953,0
add-none,2,1000,4000, 14518814,3629,0
add-none,2,10000,40000, 23521542,588,0
add-none,2,100000,400000, 24338629,60,0
add-none,2,1000000,4000000, 75087799,18,-175242
add-none,4,100,800, 22234066,27792,12
add-none,4,1000,8000, 23532493,2941,-171
add-none,4,10000,80000, 19533409,244,-3490
add-none,4,100000,800000, 37523694,46,-62724
add-none,4,1000000,8000000, 176537952,22,3841
add-yield-none,1,100,200, -968496320,-4842481,0
add-yield-none,1,1000,2000, 32527813,16263,0
add-yield-none,1,10000,20000, 53519845,2675,0
add-yield-none,1,100000,200000, 209519801,1047,0
add-yield-none,1,1000000,2000000, 428539337,214,0
add-yield-none,2,100,400, -969532269,-2423830,0
add-yield-none,2,1000,4000, 36503600,9125,0
add-yield-none,2,10000,40000, 54518755,1362,-777
add-yield-none,2,100000,400000, 633095207,1582,-744
add-yield-none,2,1000000,4000000, -394074306,-98,-262145
add-yield-none,4,100,800, 36508324,45635,0
add-yield-none,4,1000,8000, 40523021,5065,0
add-yield-none,4,10000,80000, 67528751,844,0
add-yield-none,4,100000,800000, -509503087,-636,-30690
add-yield-none,4,1000000,8000000, 43394078,5,-582776
add-yield-m,2,10000,40000, 163497594,4087,0
add-yield-m,4,10000,80000, -630468681,-7880,0
add-yield-m,8,10000,160000, 415564913,2597,0
add-yield-m,12,10000,240000, -558447402,-2326,0
add-yield-c,2,10000,40000, 23513962,587,0
add-yield-c,4,10000,80000, 31529540,394,0
add-yield-c,8,10000,160000, 56547624,353,0
add-yield-c,12,10000,240000, 68532018,285,0
add-yield-s,2,10000,40000, 18524454,463,0
add-yield-s,4,10000,80000, 20510544,256,0
add-yield-s,8,1000,16000, 21554180,1347,0
add-yield-s,12,1000,24000, 25625809,1067,0
add-m,1,10000,20000, 21527140,1076,0
add-m,2,10000,40000, 36530716,913,0
add-m,4,10000,80000, -949467723,-11868,0
add-m,8,10000,160000, 82507059,515,0
add-m,12,10000,240000, 60246455,251,0
add-c,1,10000,20000, 14526904,726,0
add-c,2,10000,40000, 15534352,388,0
add-c,4,10000,80000, 19531045,244,0
add-c,8,10000,160000, 49559772,309,0
add-c,12,10000,240000, 84783378,353,0
add-s,1,10000,20000, 11519833,575,0
add-s,2,10000,40000, 21530454,538,0
add-s,4,10000,80000, 16522636,206,0
add-s,8,10000,160000, 30555853,190,0
add-s,12,10000,240000, -965469907,-4022,0
add-none,2,100,400, 13962972,34907,-9
add-none,2,1000,4000, 14504079,3626,-306
add-none,2,10000,40000, 14497572,362,0
add-none,2,100000,400000, 16521744,41,0
add-none,4,100,800, 14515572,18144,-38
add-none,4,1000,8000, 14380123,1797,0
add-none,4,10000,80000, 24320901,304,-2167
add-none,4,100000,800000, 36495344,45,-49764
add-none,8,100,1600, 36581541,22863,105
add-none,8,1000,16000, 24885560,1555,-294
add-none,8,10000,160000, 15553077,97,-4216
add-none,8,100000,1600000, 47549968,29,-43017
add-none,12,100,2400, 25556820,10648,-91
add-none,12,1000,24000, 25515215,1063,-241
add-none,12,10000,240000, 27578276,114,-5458
add-none,12,100000,2400000, 46257624,19,60555
add-yield-none,2,10,40, -975427180,-24385679,0
add-yield-none,4,10,80, 42499902,531248,0
add-yield-none,8,10,160, 44545739,278410,6
add-yield-none,12,10,240, 32634786,135978,0
add-yield-none,2,20,80, 32325078,404063,16
add-yield-none,4,20,160, 35904439,224402,0
add-yield-none,8,20,320, 40513722,126605,0
add-yield-none,12,20,480, 33855258,70531,0
add-yield-none,2,40,160, 33701004,210631,0
add-yield-none,4,40,320, 33713232,105353,0
add-yield-none,8,40,640, 44442490,69441,0
add-yield-none,12,40,960, 50504708,52609,0
add-yield-none,2,80,320, 25274931,78984,0
add-yield-none,4,80,640, 36724249,57381,0
add-yield-none,8,80,1280, 36360434,28406,14
add-yield-none,12,80,1920, 47440854,24708,0
add-yield-none,2,100,400, 46593509,116483,0
add-yield-none,4,100,800, 16884916,21106,-21
add-yield-none,8,100,1600, 64435679,40272,0
add-yield-none,12,100,2400, 41551444,17313,62
add-yield-none,2,1000,4000, 46506514,11626,364
add-yield-none,4,1000,8000, 85516728,10689,0
add-yield-none,8,1000,16000, 79554016,4972,0
add-yield-none,12,1000,24000, 60547633,2522,1
add-yield-none,2,10000,40000, 86506581,2162,0
add-yield-none,4,10000,80000, 55820051,697,-2175
add-yield-none,8,10000,160000, 141656148,885,-4175
add-yield-none,12,10000,240000, 110518414,460,1530
add-yield-none,2,100000,400000, 261395224,653,-1797
add-yield-none,4,100000,800000, 437829313,547,-74348
add-yield-none,8,100000,1600000, -291495854,-182,-53301
add-yield-none,12,100000,2400000, 638538745,266,-58101
add-none,1,100,200, 12484418,62422,0
add-none,1,1000,2000, 2151414,1075,0
add-none,1,10000,20000, 10504165,525,0
add-none,1,100000,200000, 2676373,13,0
add-none,1,1000000,2000000, 33858131,16,0
add-none,2,100,400, 16899052,42247,0
add-none,2,1000,4000, 13878457,3469,0
add-none,2,10000,40000, 15063122,376,0
add-none,2,100000,400000, 10837452,27,0
add-none,2,1000000,4000000, 95489702,23,19721
add-none,4,100,800, 21505717,26882,0
add-none,4,1000,8000, 28406359,3550,0
add-none,4,10000,80000, 25479978,318,-451
add-none,4,100000,800000, 20370888,25,35062
add-none,4,1000000,8000000, 129705201,16,-589378
add-yield-none,1,100,200, -973192980,-4865964,0
add-yield-none,1,1000,2000, 47427208,23713,0
add-yield-none,1,10000,20000, 44494921,2224,0
add-yield-none,1,100000,200000, 239867017,1199,0
add-yield-none,1,1000000,2000000, -84037671,-42,0
add-yield-none,2,100,400, 34481827,86204,0
add-yield-none,2,1000,4000, 25518184,6379,-284
add-yield-none,2,10000,40000, 57231294,1430,-160
add-yield-none,2,100000,400000, 262616621,656,2721
add-yield-none,2,1000000,4000000, 65456136,16,-41360
add-yield-none,4,100,800, 1024947,1281,0
add-yield-none,4,1000,8000, 27518442,3439,105
add-yield-none,4,10000,80000, 41940704,524,388
add-yield-none,4,100000,800000, 134340195,167,-37620
add-yield-none,4,1000000,8000000, 48495549,6,-35360
add-yield-m,2,10000,40000, 33751949,843,0
add-yield-m,4,10000,80000, 290568690,3632,0
add-yield-m,8,10000,160000, 266701306,1666,0
add-yield-m,12,10000,240000, -586027517,-2441,0
add-yield-c,2,10000,40000, 3595918,89,0
add-yield-c,4,10000,80000, 6047211,75,0
add-yield-c,8,10000,160000, 12788916,79,0
add-yield-c,12,10000,240000, 22033616,91,0
add-yield-s,2,10000,40000, 1700897,42,0
add-yield-s,4,10000,80000, 3508292,43,0
add-yield-s,8,1000,16000, 769086,48,0
add-yield-s,12,1000,24000, 1102560,45,0
add-m,1,10000,20000, 725264,36,0
add-m,2,10000,40000, 4060468,101,0
add-m,4,10000,80000, 7996831,99,0
add-m,8,10000,160000, 31369349,196,0
add-m,12,10000,240000, 47256310,196,0
add-c,1,10000,20000, 486097,24,0
add-c,2,10000,40000, 1945492,48,0
add-c,4,10000,80000, 6239406,77,0
add-c,8,10000,160000, 14694340,91,0
add-c,12,10000,240000, 23182558,96,0
add-s,1,10000,20000, 429510,21,0
add-s,2,10000,40000, 1995992,49,0
add-s,4,10000,80000, 3874777,48,0
add-s,8,10000,160000, 7887353,49,0
add-s,12,10000,240000, 11481759,47,0
add-none,2,100,400, 147895,369,0
add-none,2,1000,4000, 134308,33,0
add-none,2,10000,40000, 594905,14,1590
add-none,2,100000,400000, 3687729,9,-48
add-none,4,100,800, 228022,285,0
add-none,4,1000,8000, 183405,22,495
add-none,4,10000,80000, 877725,10,1189
add-none,4,100000,800000, 8268100,10,3937
add-none,8,100,1600, 277123,173,-65
add-none,8,1000,16000, 358483,22,663
add-none,8,10000,160000, 2325151,14,-9740
add-none,8,100000,1600000, 20097082,12,-46682
add-none,12,100,2400, 411915,171,33
add-none,12,1000,24000, 437791,18,1266
add-none,12,10000,240000, 3490231,14,3434
add-none,12,100000,2400000, 31637171,13,-31395
add-yield-none,2,10,40, 202150,5053,0
add-yield-none,4,10,80, 192641,2408,0
add-yield-none,8,10,160, 290327,1814,0
add-yield-none,12,10,240, 330241,1376,5
add-yield-none,2,20,80, 119570,1494,0
add-yield-none,4,20,160, 186124,1163,0
add-yield-none,8,20,320, 266701,833,0
add-yield-none,12,20,480, 322820,672,0
add-yield-none,2,40,160, 111349,695,35
add-yield-none,4,40,320, 236321,738,0
add-yield-none,8,40,640, 260166,406,35
add-yield-none,12,40,960, 347565,362,127
add-yield-none,2,80,320, 135326,422,34
add-yield-none,4,80,640, 198259,309,5
add-yield-none,8,80,1280, 293047,228,62
add-yield-none,12,80,1920, 422086,219,174
add-yield-none,2,100,400, 172986,432,73
add-yield-none,4,100,800, 220702,275,23
add-yield-none,8,100,1600, 300265,187,246
add-yield-none,12,100,2400, 371940,154,132
add-yield-none,2,1000,4000, 619496,154,-2
add-yield-none,4,1000,8000, 820739,102,91
add-yield-none,8,1000,16000, 1197246,74,377
add-yield-none,12,1000,24000, 1813723,75,216
add-yield-none,2,10000,40000, 5180441,129,-268
add-yield-none,4,10000,80000, 7110648,88,-269
add-yield-none,8,10000,160000, 10212206,63,-943
add-yield-none,12,10000,240000, 12888745,53,349
add-yield-none,2,100000,400000, 50164344,125,-362
add-yield-none,4,100000,800000, 81743340,102,-40864
add-yield-none,8,100000,1600000, -900155905,-562,-13053
add-yield-none,12,100000,2400000, 143775411,59,-21366
add-none,1,100,200, 113665,568,0
add-none,1,1000,2000, 141264,70,0
add-none,1,10000,20000, 304439,15,0
add-none,1,100000,200000, 1817029,9,0
add-none,1,1000000,2000000, 19929077,9,0
add-none,2,100,400, 129703,324,0
add-none,2,1000,4000, 147069,36,299
add-none,2,10000,40000, 640403,16,-2425
add-none,2,100000,400000, 5200684,13,-3617
add-none,2,1000000,4000000, 51401891,12,-24350
add-none,4,100,800, 161197,201,0
add-none,4,1000,8000, 240666,30,298
add-none,4,10000,80000, 1112645,13,4059
add-none,4,100000,800000, 11788487,14,-34756
add-none,4,1000000,8000000, 93160569,11,-273569
add-yield-none,1,100,200, 160173,800,0
add-yield-none,1,1000,2000, 581727,290,0
add-yield-none,1,10000,20000, 4763551,238,0
add-yield-none,1,100000,200000, 46320600,231,0
add-yield-none,1,1000000,2000000, 460869595,230,0
add-yield-none,2,100,400, 166783,416,40
add-yield-none,2,1000,4000, 669404,167,-115
add-yield-none,2,10000,40000, 5105390,127,-591
add-yield-none,2,100000,400000, -950133284,-2375,-69
add-yield-none,2,1000000,4000000, 470575669,117,-3646
add-yield-none,4,100,800, 288628,360,98
add-yield-none,4,1000,8000, 863216,107,174
add-yield-none,4,10000,80000, 8245139,103,-3609
add-yield-none,4,100000,800000, 77404422,96,-41608
add-yield-none,4,1000000,8000000, -326538287,-40,-32353
add-yield-m,2,10000,40000, 22209440,555,0
add-yield-m,4,10000,80000, 60277696,753,0
add-yield-m,8,10000,160000, 155118341,969,0
add-yield-m,12,10000,240000, 250584921,1044,0
add-yield-c,2,10000,40000, 1764112,44,0
add-yield-c,4,10000,80000, 5901807,73,0
add-yield-c,8,10000,160000, 13598702,84,0
add-yield-c,12,10000,240000, 17160594,71,0
add-yield-s,2,10000,40000, 1480652,37,0
add-yield-s,4,10000,80000, 3584371,44,0
add-yield-s,8,1000,16000, 867332,54,0
add-yield-s,12,1000,24000, 1251124,52,0
add-m,1,10000,20000, 762977,38,0
add-m,2,10000,40000, 3729511,93,0
add-m,4,10000,80000, 15085791,188,0
add-m,8,10000,160000, 32086788,200,0
add-m,12,10000,240000, 49794845,207,0
add-c,1,10000,20000, 469359,23,0
add-c,2,10000,40000, 1957162,48,0
add-c,4,10000,80000, 5549258,69,0
add-c,8,10000,160000, 12707027,79,0
add-c,12,10000,240000, 19871299,82,0
add-s,1,10000,20000, 412980,20,0
add-s,2,10000,40000, 1485279,37,0
add-s,4,10000,80000, 5054841,63,0
add-s,8,10000,160000, 7872919,49,0
add-s,12,10000,240000, 11358150,47,0
add-none,2,100,400, 146747,366,0
add-none,2,1000,4000, 858401,214,0
add-none,2,10000,40000, 560113,14,1461
add-none,2,100000,400000, 4759886,11,-2143
add-none,4,100,800, 152844,191,0
add-none,4,1000,8000, 195405,24,1076
add-none,4,10000,80000, 1081329,13,-2694
add-none,4,100000,800000, 11171923,13,-4987
add-none,8,100,1600, 293587,183,0
add-none,8,1000,16000, 369282,23,697
add-none,8,10000,160000, 2006356,12,1427
add-none,8,100000,1600000, 20375593,12,-14016
add-none,12,100,2400, 370849,154,0
add-none,12,1000,24000, 414614,17,-5
add-none,12,10000,240000, 3332128,13,-1438
add-none,12,100000,2400000, 31105408,12,-123502
add-yield-none,2,10,40, 133222,3330,0
add-yield-none,4,10,80, 165927,2074,0
add-yield-none,8,10,160, 316486,1978,0
add-yield-none,12,10,240, 332453,1385,13
add-yield-none,2,20,80, 143239,1790,0
add-yield-none,4,20,160, 166636,1041,-8
add-yield-none,8,20,320, 280981,878,3
add-yield-none,12,20,480, 345874,720,18
add-yield-none,2,40,160, 140012,875,0
add-yield-none,4,40,320, 184633,576,36
add-yield-none,8,40,640, 1429979,2234,82
add-yield-none,12,40,960, 373391,388,69
add-yield-none,2,80,320, 158050,493,56
add-yield-none,4,80,640, 200711,313,70
add-yield-none,8,80,1280, 311267,243,141
add-yield-none,12,80,1920, 403483,210,315
add-yield-none,2,100,400, 194926,487,-75
add-yield-none,4,100,800, 223785,279,115
add-yield-none,8,100,1600, 313187,195,31
add-yield-none,12,100,2400, 406906,169,258
add-yield-none,2,1000,4000, 797091,199,-28
add-yield-none,4,1000,8000, 811427,101,103
add-yield-none,8,1000,16000, 1350031,84,248
add-yield-none,12,1000,24000, 1682204,70,352
add-yield-none,2,10000,40000, 6901025,172,-25
add-yield-none,4,10000,80000, 6948998,86,-217
add-yield-none,8,10000,160000, 9946605,62,-1274
add-yield-none,12,10000,240000, 15170072,63,-5235
add-yield-none,2,100000,400000, -932596986,-2331,-535
add-yield-none,4,100000,800000, 68654736,85,-1949
add-yield-none,8,100000,1600000, 94659491,59,-6889
add-yield-none,12,100000,2400000, 156682418,65,-75569
add-none,1,100,200, 128432,642,0
add-none,1,1000,2000, 131336,65,0
add-none,1,10000,20000, 298728,14,0
add-none,1,100000,200000, 1799793,8,0
add-none,1,1000000,2000000, 16874277,8,0
add-none,2,100,400, 130602,326,0
add-none,2,1000,4000, 144540,36,214
add-none,2,10000,40000, 616986,15,-865
add-none,2,100000,400000, 4955553,12,-19710
add-none,2,1000000,4000000, 46380061,11,-112234
add-none,4,100,800, 202673,253,0
add-none,4,1000,8000, 204613,25,1332
add-none,4,10000,80000, 1052373,13,-1452
add-none,4,100000,800000, 9174359,11,-21900
add-none,4,1000000,8000000, 102756714,12,-26395
add-yield-none,1,100,200, 189203,946,0
add-yield-none,1,1000,2000, 597790,298,0
add-yield-none,1,10000,20000, 4788034,239,0
add-yield-none,1,100000,200000, 46314884,231,0
add-yield-none,1,1000000,2000000, -538669414,-269,0
add-yield-none,2,100,400, 193693,484,-33
add-yield-none,2,1000,4000, 888896,222,41
add-yield-none,2,10000,40000, 7859307,196,-689
add-yield-none,2,100000,400000, 64021512,160,-1499
add-yield-none,2,1000000,4000000, 704846299,176,-103590
add-yield-none,4,100,800, 226079,282,63
add-yield-none,4,1000,8000, 909874,113,102
add-yield-none,4,10000,80000, 7944017,99,-2669
add-yield-none,4,100000,800000, -921073302,-1151,-13833
add-yield-none,4,1000000,8000000, 713750087,89,-127641
add-yield-m,2,10000,40000, 16669040,416,0
add-yield-m,4,10000,80000, 67046915,838,0
add-yield-m,8,10000,160000, 157780720,986,0
add-yield-m,12,10000,240000, -747265805,-3113,0
add-yield-c,2,10000,40000, 1473897,36,0
add-yield-c,4,10000,80000, 5773588,72,0
add-yield-c,8,10000,160000, 11818873,73,0
add-yield-c,12,10000,240000, 19375506,80,0
add-yield-s,2,10000,40000, 1773122,44,0
add-yield-s,4,10000,80000, 3658492,45,0
add-yield-s,8,1000,16000, 905002,56,0
add-yield-s,12,1000,24000, 1234298,51,0
add-m,1,10000,20000, 783299,39,0
add-m,2,10000,40000, 3554063,88,0
add-m,4,10000,80000, 15689199,196,0
add-m,8,10000,160000, 33045668,206,0
add-m,12,10000,240000, 50844344,211,0
add-c,1,10000,20000, 471821,23,0
add-c,2,10000,40000, 1464956,36,0
add-c,4,10000,80000, 5188865,64,0
add-c,8,10000,160000, 12342278,77,0
add-c,12,10000,240000, 16861175,70,0
add-s,1,10000,20000, 455339,22,0
add-s,2,10000,40000, 1688418,42,0
add-s,4,10000,80000, 3676106,45,0
add-s,8,10000,160000, 7323454,45,0
add-s,12,10000,240000, 10982221,45,0
add-none,2,100,400, 620524,1551,0
add-none,2,1000,4000, 448606,112,0
add-none,2,10000,40000, 914493,22,4402
add-none,2,100000,400000, 7674249,19,6373
add-none,4,100,800, 160601,200,0
add-none,4,1000,8000, 209366,26,0
add-none,4,10000,80000, 1581790,19,5477
add-none,4,100000,800000, 14123515,17,-34008
add-none,8,100,1600, 1202028,751,0
add-none,8,1000,16000, 1192915,74,0
add-none,8,10000,160000, 3070028,19,1867
add-none,8,100000,1600000, 29081221,18,-50240
add-none,12,100,2400, 1905822,794,0
add-none,12,1000,24000, 1833299,76,0
add-none,12,10000,240000, 4920118,20,2172
add-none,12,100000,2400000, 40538059,16,-35525
add-yield-none,2,10,40, 497404,12435,5
add-yield-none,4,10,80, 742966,9287,0
add-yield-none,8,10,160, 1606574,10041,0
add-yield-none,12,10,240, 558792,2328,7
add-yield-none,2,20,80, 249851,3123,0
add-yield-none,4,20,160, 358068,2237,17
add-yield-none,8,20,320, 516961,1615,33
add-yield-none,12,20,480, 679686,1416,39
add-yield-none,2,40,160, 409465,2559,3
add-yield-none,4,40,320, 412940,1290,7
add-yield-none,8,40,640, 544921,851,41
add-yield-none,12,40,960, 1884873,1963,13
add-yield-none,2,80,320, 591729,1849,72
add-yield-none,4,80,640, 957414,1495,61
add-yield-none,8,80,1280, 762861,595,26
add-yield-none,12,80,1920, 2001256,1042,120
add-yield-none,2,100,400, 537573,1343,75
add-yield-none,4,100,800, 803055,1003,159
add-yield-none,8,100,1600, 1444315,902,90
add-yield-none,12,100,2400, 1943063,809,0
add-yield-none,2,1000,4000, 7377869,1844,22
add-yield-none,4,1000,8000, 7893739,986,70
add-yield-none,8,1000,16000, 14716063,919,105
add-yield-none,12,1000,24000, 15629033,651,106
add-yield-none,2,10000,40000, 70602733,1765,-1155
add-yield-none,4,10000,80000, 57885807,723,-738
add-yield-none,8,10000,160000, 75054165,469,-1182
add-yield-none,12,10000,240000, 102502577,427,275
add-yield-none,2,100000,400000, -356142297,-890,-85489
add-yield-none,4,100000,800000, 431799826,539,36635
add-yield-none,8,100000,1600000, -459097464,-286,-27979
add-yield-none,12,100000,2400000, 688134615,286,3819
add-none,1,100,200, 449135,2245,0
add-none,1,1000,2000, 200231,100,0
add-none,1,10000,20000, 484348,24,0
add-none,1,100000,200000, 1759358,8,0
add-none,1,1000000,2000000, 16933065,8,0
add-none,2,100,400, -999579578,-2498948,0
add-none,2,1000,4000, 485727,121,0
add-none,2,10000,40000, 839895,20,4315
add-none,2,100000,400000, 7163068,17,3609
add-none,2,1000000,4000000, 64903872,16,-43232
add-none,4,100,800, 717669,897,0
add-none,4,1000,8000, 602900,75,0
add-none,4,10000,80000, 1727822,21,1063
add-none,4,100000,800000, 13714059,17,-58016
add-none,4,1000000,8000000, 137097675,17,-74365
add-yield-none,1,100,200, 1048464,5242,0
add-yield-none,1,1000,2000, 7421377,3710,0
add-yield-none,1,10000,20000, 67985837,3399,0
add-yield-none,1,100000,200000, 296736737,1483,0
add-yield-none,1,1000000,2000000, -404290625,-202,0
add-yield-none,2,100,400, 763013,1907,86
add-yield-none,2,1000,4000, 4526559,1131,118
add-yield-none,2,10000,40000, 8710106,217,201
add-yield-none,2,100000,400000, 409026421,1022,-3022
add-yield-none,2,1000000,4000000, -699290809,-174,-181843
add-yield-none,4,100,800, 819383,1024,105
add-yield-none,4,1000,8000, 6427492,803,213
add-yield-none,4,10000,80000, 64780025,809,1883
add-yield-none,4,100000,800000, 512804204,641,-31073
add-yield-none,4,1000000,8000000, -366350342,-45,-397309
add-yield-m,2,10000,40000, 254003403,6350,0
add-yield-m,4,10000,80000, 357209419,4465,0
add-yield-m,8,10000,160000, -313276218,-1957,0
add-yield-m,12,10000,240000, -558599442,-2327,0
add-yield-c,2,10000,40000, 10983148,274,0
add-yield-c,4,10000,80000, 21845341,273,0
add-yield-c,8,10000,160000, 47716378,298,0
add-yield-c,12,10000,240000, 72895577,303,0
add-yield-s,2,10000,40000, 13412960,335,0
add-yield-s,4,10000,80000, 15840558,198,0
add-yield-s,8,1000,16000, 2463498,153,0
add-yield-s,12,1000,24000, 3478417,144,0
add-m,1,10000,20000, 715941,35,0
add-m,2,10000,40000, 6517255,162,0
add-m,4,10000,80000, 14118043,176,0
add-m,8,10000,160000, 174776082,1092,0
add-m,12,10000,240000, 150478672,626,0
add-c,1,10000,20000, 462605,23,0
add-c,2,10000,40000, 7464758,186,0
add-c,4,10000,80000, 30841327,385,0
add-c,8,10000,160000, 63299756,395,0
add-c,12,10000,240000, 75515004,314,0
add-s,1,10000,20000, 407138,20,0
add-s,2,10000,40000, 13487683,337,0
add-s,4,10000,80000, 17187363,214,0
add-s,8,10000,160000, 21447771,134,0
add-s,12,10000,240000, 30644255,127,0
add-none,2,100,400, 126966,317,0
add-none,2,1000,4000, 189350,47,494
add-none,2,10000,40000, 545509,13,-2011
add-none,2,100000,400000, 4988946,12,3328
add-none,4,100,800, 1431719,1789,0
add-none,4,1000,8000, 1424557,178,0
add-none,4,10000,80000, 1170724,14,4682
add-none,4,100000,800000, 9914703,12,-22948
add-none,8,100,1600, 267415,167,-87
add-none,8,1000,16000, 346800,21,96
add-none,8,10000,160000, 2456378,15,4313
add-none,8,100000,1600000, 20501517,12,-11724
add-none,12,100,2400, 345314,143,36
add-none,12,1000,24000, 458776,19,584
add-none,12,10000,240000, 3081691,12,2667
add-none,12,100000,2400000, 29820027,12,-28636
add-yield-none,2,10,40, 166482,4162,0
add-yield-none,4,10,80, 200951,2511,0
add-yield-none,8,10,160, 294518,1840,0
add-yield-none,12,10,240, 391141,1629,7
add-yield-none,2,20,80, 157824,1972,0
add-yield-none,4,20,160, 171934,1074,18
add-yield-none,8,20,320, 272945,852,22
add-yield-none,12,20,480, 373142,777,32
add-yield-none,2,40,160, 168523,1053,0
add-yield-none,4,40,320, 215214,672,44
add-yield-none,8,40,640, 307205,480,114
add-yield-none,12,40,960, 385579,401,66
add-yield-none,2,80,320, 159988,499,-5
add-yield-none,4,80,640, 247895,387,85
add-yield-none,8,80,1280, 313188,244,216
add-yield-none,12,80,1920, 359245,187,301
add-yield-none,2,100,400, 168148,420,64
add-yield-none,4,100,800, 201259,251,133
add-yield-none,8,100,1600, 295920,184,13
add-yield-none,12,100,2400, 383579,159,143
add-yield-none,2,1000,4000, 790610,197,-105
add-yield-none,4,1000,8000, 803080,100,-6
add-yield-none,8,1000,16000, 1291500,80,-2
add-yield-none,12,1000,24000, 1639196,68,261
add-yield-none,2,10000,40000, 4843001,121,-38
add-yield-none,4,10000,80000, 7130917,89,181
add-yield-none,8,10000,160000, 10133873,63,-5218
add-yield-none,12,10000,240000, 14096247,58,2651
add-yield-none,2,100000,400000, 62844571,157,-977
add-yield-none,4,100000,800000, -930053737,-1162,-1186
add-yield-none,8,100000,1600000, 97090850,60,-13843
add-yield-none,12,100000,2400000, 142607551,59,-30251
add-none,1,100,200, 134534,672,0
add-none,1,1000,2000, 139629,69,0
add-none,1,10000,20000, 271244,13,0
add-none,1,100000,200000, 1814505,9,0
add-none,1,1000000,2000000, 16643507,8,0
add-none,2,100,400, 158426,396,0
add-none,2,1000,4000, 166758,41,0
add-none,2,10000,40000, 551576,13,1786
add-none,2,100000,400000, 4815818,12,-5441
add-none,2,1000000,4000000, 46756292,11,-231879
add-none,4,100,800, 216785,270,0
add-none,4,1000,8000, 234807,29,0
add-none,4,10000,80000, 1210763,15,1407
add-none,4,100000,800000, 10207836,12,-27581
add-none,4,1000000,8000000, 113685374,14,-198137
add-yield-none,1,100,200, 193543,967,0
add-yield-none,1,1000,2000, 592289,296,0
add-yield-none,1,10000,20000, 4672361,233,0
add-yield-none,1,100000,200000, 43985810,219,0
add-yield-none,1,1000000,2000000, 430193689,215,0
add-yield-none,2,100,400, 208441,521,56
add-yield-none,2,1000,4000, 784714,196,-58
add-yield-none,2,10000,40000, 6572208,164,-669
add-yield-none,2,100000,400000, 63943182,159,-2941
add-yield-none,2,1000000,4000000, 666908892,166,7301
add-yield-none,4,100,800, 236218,295,84
add-yield-none,4,1000,8000, 825991,103,177
add-yield-none,4,10000,80000, 6880736,86,88
add-yield-none,4,100000,800000, 67700132,84,-962
add-yield-none,4,1000000,8000000, -312390489,-39,-18109
add-yield-m,2,10000,40000, 18243687,456,0
add-yield-m,4,10000,80000, 66093438,826,0
add-yield-m,8,10000,160000, 159246270,995,0
add-yield-m,12,10000,240000, -752837745,-3136,0
add-yield-c,2,10000,40000, 1517824,37,0
add-yield-c,4,10000,80000, 5089215,63,0
add-yield-c,8,10000,160000, 12641024,79,0
add-yield-c,12,10000,240000, 19296070,80,0
add-yield-s,2,10000,40000, 1387088,34,0
add-yield-s,4,10000,80000, 4014580,50,0
add-yield-s,8,1000,16000, 1037069,64,0
add-yield-s,12,1000,24000, 1191009,49,0
add-m,1,10000,20000, 713048,35,0
add-m,2,10000,40000, 3545134,88,0
add-m,4,10000,80000, 14215512,177,0
add-m,8,10000,160000, 32881574,205,0
add-m,12,10000,240000, 47920166,199,0
add-c,1,10000,20000, 488970,24,0
add-c,2,10000,40000, 1674186,41,0
add-c,4,10000,80000, 7930000,99,0
add-c,8,10000,160000, 10912444,68,0
add-c,12,10000,240000, 19244876,80,0
add-s,1,10000,20000, 412844,20,0
add-s,2,10000,40000, 1880988,47,0
add-s,4,10000,80000, 3668665,45,0
add-s,8,10000,160000, 7945016,49,0
add-s,12,10000,240000, 11012553,45,0
